"id","observed_on","taxon.name","Latitude","Longitude","uri","Evidence_of_Presence","Life_Stage","Gall_generation","Gall_phenophase","Host_Plant_ID","agdd","adj","doy","phenogen"
5865395,"2017-04-14","Andricus quercuspetiolicola","32.77475","-97.0936888889","https://www.inaturalist.org/observations/5865395","Gall","","bisexual","developing","",2768.28173828,2369.72983389218,104,"developing_"
5981515,"2017-04-27","Andricus quercuspetiolicola","35.8160297899","-78.7264902704","https://www.inaturalist.org/observations/5981515","Gall","","bisexual","developing","",2430.99731445,2320.81633474456,117,"developing_"
12076289,"2018-04-29","Andricus quercuspetiolicola","35.8171","-78.7264","https://www.inaturalist.org/observations/12076289","Gall","","bisexual","developing","",1967.92077637,1857.80202144353,119,"developing_"
13066814,"2018-05-31","Andricus quercuspetiolicola","35.9799995422","-78.994720459","https://www.inaturalist.org/observations/13066814","Gall","","bisexual","developing","",3179.75292969,3078.83493978117,151,"developing_"
13695733,"2018-06-22","Andricus quercuspetiolicola","43.6705783333","-70.308425","https://www.inaturalist.org/observations/13695733","Gall","","bisexual","developing","54779",2028.32861328,2034.46450435117,173,"developing_"
22783994,"2019-04-20","Andricus quercuspetiolicola","32.5194327208","-92.6710024943","https://www.inaturalist.org/observations/22783994","Gall","","bisexual","developing","",2231.87280273,1797.29998020934,110,"developing_"
23145060,"2019-04-26","Andricus quercuspetiolicola","38.9302462245","-77.1138147323","https://www.inaturalist.org/observations/23145060","Gall","","bisexual","developing","",1460.52783203,1450.34600326831,116,"developing_"
23443861,"2019-04-27","Andricus quercuspetiolicola","38.92852","-76.9997866667","https://www.inaturalist.org/observations/23443861","Gall","","bisexual","developing","54779",1444.29187012,1434.08950873166,117,"developing_"
24022492,"2019-04-28","Andricus quercuspetiolicola","40.499860311","-74.2475758373","https://www.inaturalist.org/observations/24022492","Gall","","bisexual","developing","",1126.16027832,1125.56002684468,118,"developing_"
24130403,"2019-04-29","Andricus quercuspetiolicola","38.9504405407","-77.0071352577","https://www.inaturalist.org/observations/24130403","Gall","","bisexual","developing","128686",1477.30407715,1467.36040756787,119,"developing_"
24364151,"2019-04-26","Andricus quercuspetiolicola","35.9482680649","-78.8198301413","https://www.inaturalist.org/observations/24364151","Gall","","bisexual","developing","54779",2004.03833008,1901.36994883523,116,"developing_"
24661508,"2019-05-06","Andricus quercuspetiolicola","38.61571676","-90.27624399","https://www.inaturalist.org/observations/24661508","Gall","","bisexual","developing","54780",1554.15478516,1539.7580183759,126,"developing_"
24710333,"2019-05-04","Andricus quercuspetiolicola","38.9357681274","-76.5059432983","https://www.inaturalist.org/observations/24710333","Gall","","bisexual","developing","",1593.63806152,1583.52172815054,124,"developing_"
24969229,"2019-05-11","Andricus quercuspetiolicola","40.791274379","-73.9248085768","https://www.inaturalist.org/observations/24969229","Gall","","bisexual","developing","54780",1435.02185059,1434.80825826173,131,"developing_"
24969448,"2019-05-11","Andricus quercuspetiolicola","40.7903789403","-73.9253932145","https://www.inaturalist.org/observations/24969448","Gall","","bisexual","developing","54780",1435.02185059,1434.80744764937,131,"developing_"
25001058,"2019-04-27","Andricus quercuspetiolicola","39.0016777778","-76.822525","https://www.inaturalist.org/observations/25001058","Gall","","bisexual","developing","54779",1385.59411621,1376.23797854586,117,"developing_"
25007227,"2019-05-11","Andricus quercuspetiolicola","40.7911055556","-73.9247916667","https://www.inaturalist.org/observations/25007227","Gall","","bisexual","developing","",1435.02185059,1434.80810558781,131,"developing_"
25007992,"2019-05-11","Andricus quercuspetiolicola","40.7905166667","-73.9251277778","https://www.inaturalist.org/observations/25007992","Gall","","bisexual","developing","",1435.02185059,1434.80757246196,131,"developing_"
25176495,"2019-05-15","Andricus quercuspetiolicola","32.58730618","-86.54412004","https://www.inaturalist.org/observations/25176495","Gall","","bisexual","developing","371998",3446.34130859,3021.54746654308,135,"developing_"
25328323,"2019-05-18","Andricus quercuspetiolicola","40.730556488","-77.882774353","https://www.inaturalist.org/observations/25328323","Gall","","bisexual","developing","128686",1354.57080078,1354.29747444601,138,"developing_"
25329543,"2019-05-18","Andricus quercuspetiolicola","40.730556488","-77.882774353","https://www.inaturalist.org/observations/25329543","Gall","","bisexual","developing","",1354.57080078,1354.29747444601,138,"developing_"
25378355,"2019-05-18","Andricus quercuspetiolicola","40.7910990715","-73.9247331396","https://www.inaturalist.org/observations/25378355","Gall","","bisexual","developing","54780",1598.60571289,1598.39196202252,138,"developing_"
25580067,"2019-05-22","Andricus quercuspetiolicola","41.6686978936","-91.5418367529","https://www.inaturalist.org/observations/25580067","Gall","","bisexual","developing","54779",1228.37329102,1228.37617160192,142,"developing_"
25890715,"2019-05-27","Andricus quercuspetiolicola","42.3126388889","-76.5041083333","https://www.inaturalist.org/observations/25890715","Gall","","bisexual","developing","",1164.01403809,1164.33602932916,147,"developing_"
25901496,"2019-05-27","Andricus quercuspetiolicola","40.7905463269","-73.9255894349","https://www.inaturalist.org/observations/25901496","Gall","","bisexual","developing","54780",1921.98474121,1921.77048995475,147,"developing_"
26259121,"2019-06-01","Andricus quercuspetiolicola","42.5032119751","-71.3520355225","https://www.inaturalist.org/observations/26259121","Gall","","bisexual","developing","54779",1494.88098145,1495.48678159527,152,"developing_"
26347700,"2019-06-03","Andricus quercuspetiolicola","43.5172578","-92.00937164","https://www.inaturalist.org/observations/26347700","Gall","","bisexual","developing","",1190.51000977,1195.43534120793,154,"developing_"
26632452,"2019-06-08","Andricus quercuspetiolicola","41.9122238159","-69.9755554199","https://www.inaturalist.org/observations/26632452","Gall","","bisexual","developing","54779",1675.44763184,1675.48966097849,159,"developing_"
27522006,"2019-06-22","Andricus quercuspetiolicola","41.7889783333","-70.627005","https://www.inaturalist.org/observations/27522006","Gall","","bisexual","developing","54779",2192.86621094,2192.88069022432,173,"developing_"
27640556,"2019-06-25","Andricus quercuspetiolicola","40.7839133333","-81.9177166667","https://www.inaturalist.org/observations/27640556","Gall","","bisexual","perimature","",2653.37841797,2653.15810096835,176,"perimature_"
27753871,"2019-06-27","Andricus quercuspetiolicola","40.8004174009","-77.8674538248","https://www.inaturalist.org/observations/27753871","Gall","","bisexual","perimature","54780",2666.45507812,2666.24964604812,178,"perimature_"
28557090,"2019-07-10","Andricus quercuspetiolicola","40.7976880018","-77.8703190108","https://www.inaturalist.org/observations/28557090","Gall","","bisexual","developing","",3189.39135742,3189.18351149505,191,"developing_"
28610168,"2019-07-11","Andricus quercuspetiolicola","40.8052137774","-77.8638712317","https://www.inaturalist.org/observations/28610168","Gall","","bisexual","developing","",3262.05688477,3261.85564915553,192,"developing_"
28616982,"2019-07-11","Andricus quercuspetiolicola","40.0000944445","-83.0102527833","https://www.inaturalist.org/observations/28616982","Gall","","bisexual","developing","",3784.80395508,3782.77933755614,192,"developing_"
28667439,"2019-07-06","Andricus quercuspetiolicola","42.4313895618","-71.2927834625","https://www.inaturalist.org/observations/28667439","Gall","","bisexual","developing","54779",2761.27001953,2761.75480026151,187,"developing_"
28667441,"2019-07-06","Andricus quercuspetiolicola","42.4313895618","-71.2927834625","https://www.inaturalist.org/observations/28667441","Gall","","bisexual","perimature","54779",2761.27001953,2761.75480026151,187,"perimature_"
28758785,"2019-07-13","Andricus quercuspetiolicola","40.82885","-81.9421216667","https://www.inaturalist.org/observations/28758785","Gall","","bisexual","perimature","",3363.16259766,3362.98120904115,194,"perimature_"
29504838,"2019-07-25","Andricus quercuspetiolicola","40.8089894476","-77.8627384175","https://www.inaturalist.org/observations/29504838","Gall","","bisexual","perimature","oaks",3857.56860352,3857.37063082783,206,"perimature_"
29915613,"2019-07-31","Andricus quercuspetiolicola","40.8146448434","-77.854078319","https://www.inaturalist.org/observations/29915613","Gall","","bisexual","perimature","oaks",4107.10351562,4106.91036402241,212,"perimature_"
29917471,"2019-07-31","Andricus quercuspetiolicola","40.8087169519","-77.8587310296","https://www.inaturalist.org/observations/29917471","Gall","","bisexual","developing","oaks",4111.30517578,4111.10696878758,212,"developing_"
30222208,"2019-08-04","Andricus quercuspetiolicola","41.9745444444","-87.7287916667","https://www.inaturalist.org/observations/30222208","Gall","","bisexual","perimature","",3974.7668457,3974.83096398986,216,"perimature_"
30369648,"2019-05-27","Andricus quercuspetiolicola","42.500761","-71.626971","https://www.inaturalist.org/observations/30369648","Gall","","bisexual","developing","",1339.54125977,1340.14263061268,147,"developing_"
41563115,"2020-04-06","Andricus quercuspetiolicola","35.149761","-89.983352","https://www.inaturalist.org/observations/41563115","Gall","","bisexual","developing","54779",1695.34729004,1541.7012176476,97,"developing_"
41854269,"2020-04-10","Andricus quercuspetiolicola","33.8477890355","-84.2832679933","https://www.inaturalist.org/observations/41854269","Gall","","bisexual","developing","54779",2024.53942871,1755.68818228483,101,"developing_"
42185273,"2020-04-14","Andricus quercuspetiolicola","37.5584150886","-77.6491367587","https://www.inaturalist.org/observations/42185273","Gall","","bisexual","developing","54779",1675.73608398,1638.99398940781,105,"developing_"
42267065,"2020-04-15","Andricus quercuspetiolicola","35.94093667","-79.05138333","https://www.inaturalist.org/observations/42267065","Gall","","bisexual","developing","",2019.00488281,1915.92922494505,106,"developing_"
42788941,"2020-04-21","Andricus quercuspetiolicola","37.3200981886","-77.9636662515","https://www.inaturalist.org/observations/42788941","Gall","","bisexual","developing","",1742.07470703,1698.25701582035,112,"developing_"
43074482,"2020-04-24","Andricus quercuspetiolicola","35.9283756","-78.9660233997","https://www.inaturalist.org/observations/43074482","Gall","","bisexual","developing","54779",2239.35180664,2135.57585005646,115,"developing_"
43817789,"2020-04-26","Andricus quercuspetiolicola","36.1932077","-78.7318478","https://www.inaturalist.org/observations/43817789","Gall","","bisexual","developing","",2149.46020508,2059.79013248824,117,"developing_"
44096780,"2020-04-26","Andricus quercuspetiolicola","35.8173888889","-78.7235861111","https://www.inaturalist.org/observations/44096780","Gall","","bisexual","developing","",2352.73413086,2242.63216866374,117,"developing_"
44272688,"2020-04-29","Andricus quercuspetiolicola","35.1020525","-80.7441237","https://www.inaturalist.org/observations/44272688","Gall","","bisexual","developing","",2465.74633789,2308.61121608424,120,"developing_"
44675461,"2020-05-02","Andricus quercuspetiolicola","33.8465535645","-84.2755245115","https://www.inaturalist.org/observations/44675461","Gall","","bisexual","developing","54779",2592.48413086,2323.50264303772,123,"developing_"
44951861,"2020-05-03","Andricus quercuspetiolicola","38.77182","-77.06482783","https://www.inaturalist.org/observations/44951861","Gall","","bisexual","developing","",1910.51867676,1898.33522598688,124,"developing_"
44986305,"2020-05-05","Andricus quercuspetiolicola","38.4409277778","-77.1368416667","https://www.inaturalist.org/observations/44986305","Gall","","bisexual","developing","",1880,1862.82406287172,126,"developing_"
45215185,"2020-05-07","Andricus quercuspetiolicola","40.7854198292","-73.935084371","https://www.inaturalist.org/observations/45215185","Gall","","bisexual","developing","",1559.59985352,1559.38092409713,128,"developing_"
45473982,"2020-04-24","Andricus quercuspetiolicola","37.5386346407","-78.0185096338","https://www.inaturalist.org/observations/45473982","Gall","","bisexual","developing","",1813.46289062,1776.16485589729,115,"developing_"
45584803,"2020-05-10","Andricus quercuspetiolicola","36.2183943947","-83.4081596425","https://www.inaturalist.org/observations/45584803","Gall","","bisexual","developing","",2353.95800781,2265.55864103427,131,"developing_"
45619025,"2020-05-10","Andricus quercuspetiolicola","38.856131","-77.431911","https://www.inaturalist.org/observations/45619025","Gall","Egg","bisexual","developing","",1874.90551758,1863.81706232348,131,"developing_Egg"
45740251,"2020-05-02","Andricus quercuspetiolicola","38.83289667","-77.06944167","https://www.inaturalist.org/observations/45740251","Gall","","bisexual","developing","oaks",1888.00927734,1876.62590935627,123,"developing_"
45978143,"2020-05-14","Andricus quercuspetiolicola","34.1873241","-84.0909291","https://www.inaturalist.org/observations/45978143","Gall","","bisexual","developing","54779",2801.24926758,2566.62105736344,135,"developing_"
46156135,"2020-05-16","Andricus quercuspetiolicola","40.4487359722","-75.885422","https://www.inaturalist.org/observations/46156135","Gall","","bisexual","developing","",1480.53491211,1479.83782562584,137,"developing_"
46473739,"2020-05-18","Andricus quercuspetiolicola","40.65662773","-73.9959051238","https://www.inaturalist.org/observations/46473739","Gall","","bisexual","developing","861033",1898.87243652,1898.51251384953,139,"developing_"
46554212,"2020-05-19","Andricus quercuspetiolicola","39.4919626106","-74.5231156389","https://www.inaturalist.org/observations/46554212","Gall","","bisexual","developing","54779",1925.33276367,1920.47466159613,140,"developing_"
46563504,"2020-05-11","Andricus quercuspetiolicola","33.8435957706","-84.2723601184","https://www.inaturalist.org/observations/46563504","Gall","","bisexual","developing","54779",2873.52734375,2604.23387910039,132,"developing_"
46836179,"2020-05-21","Andricus quercuspetiolicola","40.6518079602","-73.992857447","https://www.inaturalist.org/observations/46836179","Gall","","bisexual","developing","54780",1980.8984375,1980.53230875464,142,"developing_"
47118984,"2020-05-24","Andricus quercuspetiolicola","38.9762352284","-76.9460917264","https://www.inaturalist.org/observations/47118984","Gall","","bisexual","developing","54779",2391.14575195,2381.50084877694,145,"developing_"
47442195,"2020-05-26","Andricus quercuspetiolicola","40.8014641811","-77.8922657669","https://www.inaturalist.org/observations/47442195","Gall","","bisexual","developing","54780",1465.81054688,1465.60603558839,147,"developing_"
47557825,"2020-05-27","Andricus quercuspetiolicola","42.5470411498","-71.4926415403","https://www.inaturalist.org/observations/47557825","Gall","","bisexual","developing","",1428.93786621,1429.6265859028,148,"developing_"
47589166,"2020-05-27","Andricus quercuspetiolicola","40.0903294647","-88.2054184377","https://www.inaturalist.org/observations/47589166","Gall","","bisexual","developing","",1730.57312012,1728.89236626032,148,"developing_"
47758857,"2020-05-29","Andricus quercuspetiolicola","41.9238954722","-91.4264112778","https://www.inaturalist.org/observations/47758857","Gall","","bisexual","developing","54780",1506.65307617,1506.69877736788,150,"developing_"
48073287,"2020-05-23","Andricus quercuspetiolicola","38.4595312483","-75.8806231351","https://www.inaturalist.org/observations/48073287","Gall","","bisexual","developing","119273",2422.33056641,2405.46608917931,144,"developing_"
48271314,"2020-06-02","Andricus quercuspetiolicola","42.7487085553","-76.4655853808","https://www.inaturalist.org/observations/48271314","Gall","","bisexual","developing","",1491.55993652,1492.72818308311,154,"developing_"
48278409,"2020-05-29","Andricus quercuspetiolicola","33.8398366957","-84.2692718239","https://www.inaturalist.org/observations/48278409","Gall","","bisexual","developing","54779",3535.64794922,3265.95764369228,150,"developing_"
48292659,"2020-06-02","Andricus quercuspetiolicola","42.6056290488","-71.6159874479","https://www.inaturalist.org/observations/48292659","Gall","","bisexual","developing","",1592.35986328,1593.17078619396,154,"developing_"
48455468,"2020-06-04","Andricus quercuspetiolicola","40.811084","-77.865936","https://www.inaturalist.org/observations/48455468","Gall","","bisexual","developing","54779",1879.63061523,1879.43443733766,156,"developing_"
48731582,"2020-06-06","Andricus quercuspetiolicola","33.8048280881","-84.3045458258","https://www.inaturalist.org/observations/48731582","Gall","","bisexual","developing","54779",3883.40869141,3610.00383161311,158,"developing_"
49220726,"2020-06-11","Andricus quercuspetiolicola","40.7979462902","-77.8600511794","https://www.inaturalist.org/observations/49220726","Gall","","bisexual","developing","",2153.98657227,2153.77895557843,163,"developing_"
49684311,"2020-06-14","Andricus quercuspetiolicola","44.788125","-93.0284945","https://www.inaturalist.org/observations/49684311","Gall","","bisexual","developing","",1759.28344727,1780.61371014808,166,"developing_"
50005144,"2020-06-17","Andricus quercuspetiolicola","33.8396907332","-84.2698397804","https://www.inaturalist.org/observations/50005144","Gall","","bisexual","developing","54779",4345.12597656,4075.42025409413,169,"developing_"
50577265,"2020-06-22","Andricus quercuspetiolicola","42.3441773272","-71.1047349366","https://www.inaturalist.org/observations/50577265","Gall","","bisexual","developing","54780",2568.17602539,2568.53697975796,174,"developing_"
50577311,"2020-06-22","Andricus quercuspetiolicola","42.3441773272","-71.1047349366","https://www.inaturalist.org/observations/50577311","Gall","","bisexual","developing","54780",2568.17602539,2568.53697975796,174,"developing_"
50630029,"2020-06-17","Andricus quercuspetiolicola","42.4551037508","-71.1235616591","https://www.inaturalist.org/observations/50630029","Gall","","bisexual","developing","",2227.22021484,2227.74297550549,169,"developing_"
50880573,"2020-06-25","Andricus quercuspetiolicola","40.799575313","-77.8650859372","https://www.inaturalist.org/observations/50880573","Gall","","bisexual","developing","54779",2647.03320312,2646.82702831877,177,"developing_"
50901280,"2020-06-24","Andricus quercuspetiolicola","42.3414638889","-83.0594388889","https://www.inaturalist.org/observations/50901280","Gall","","bisexual","perimature","54780",2568.21142578,2568.56891067807,176,"perimature_"
51955525,"2020-07-04","Andricus quercuspetiolicola","46.5038816875","-94.206825234","https://www.inaturalist.org/observations/51955525","Gall","","bisexual","perimature","",2115.42236328,2190.59717486007,186,"perimature_"
53325541,"2020-07-16","Andricus quercuspetiolicola","40.798228","-77.86663","https://www.inaturalist.org/observations/53325541","Gall","","bisexual","perimature","54780",3537.70922852,3537.50186165628,198,"perimature_"
53325741,"2020-07-16","Andricus quercuspetiolicola","40.796398","-77.8691989722","https://www.inaturalist.org/observations/53325741","Gall","","bisexual","perimature","54779",3508.00878906,3507.79979572021,198,"perimature_"
53326512,"2020-07-16","Andricus quercuspetiolicola","40.7986429722","-77.867168","https://www.inaturalist.org/observations/53326512","Gall","","bisexual","perimature","54780",3537.70922852,3537.50222929966,198,"perimature_"
53326550,"2020-07-16","Andricus quercuspetiolicola","40.79874","-77.8671339722","https://www.inaturalist.org/observations/53326550","Gall","","bisexual","developing","54780",3537.70922852,3537.50231519842,198,"developing_"
54094079,"2020-07-23","Andricus quercuspetiolicola","40.731014","-77.8831899722","https://www.inaturalist.org/observations/54094079","Gall","","bisexual","developing","128686",3893.23608398,3892.96324491663,205,"developing_"
54443000,"2020-07-26","Andricus quercuspetiolicola","40.78545333","-73.93513667","https://www.inaturalist.org/observations/54443000","Gall","","bisexual","perimature","47851",4723.07226562,4722.8533669871,208,"perimature_"
54448214,"2020-07-26","Andricus quercuspetiolicola","40.7853056677","-73.9350563754","https://www.inaturalist.org/observations/54448214","Gall","","bisexual","perimature","",4723.07226562,4722.85323125171,208,"perimature_"
54547294,"2020-07-19","Andricus quercuspetiolicola","40.887841","-77.656109","https://www.inaturalist.org/observations/54547294","Gall","","bisexual","developing","",3416.73168945,3416.59404967086,201,"developing_"
55942643,"2020-08-09","Andricus quercuspetiolicola","40.774453","-77.685039","https://www.inaturalist.org/observations/55942643","Gall","","bisexual","perimature","559755",4600.43701172,4600.20784692406,222,"perimature_"
57379881,"2020-08-23","Andricus quercuspetiolicola","41.0655670164","-77.4068984983","https://www.inaturalist.org/observations/57379881","Gall","","bisexual","perimature","",4766.93847656,4766.88928171199,236,"perimature_"
72294150,"2021-03-28","Andricus quercuspetiolicola","29.9798583333","-95.5876783333","https://www.inaturalist.org/observations/72294150","Gall","","bisexual","developing","",2126.83398438,1209.50585800388,87,"developing_"
72952868,"2021-04-03","Andricus quercuspetiolicola","31.5452333333","-95.2321616667","https://www.inaturalist.org/observations/72952868","Gall","","bisexual","developing","",1853.4864502,1261.59167674397,93,"developing_"
73121612,"2021-04-06","Andricus quercuspetiolicola","30.8280212987","-96.2611251873","https://www.inaturalist.org/observations/73121612","Gall","","bisexual","developing","",2010.81542969,1281.54920534931,96,"developing_"
73496876,"2021-04-10","Andricus quercuspetiolicola","33.1767110755","-96.6271973761","https://www.inaturalist.org/observations/73496876","Gall","","bisexual","developing","",1887.46166992,1541.49348605774,100,"developing_"
74190341,"2021-04-16","Andricus quercuspetiolicola","36.1101399874","-79.9924919565","https://www.inaturalist.org/observations/74190341","Gall","","bisexual","developing","",1474.78417969,1380.83700857017,106,"developing_"
74290998,"2021-04-17","Andricus quercuspetiolicola","36.1151684755","-80.0317001732","https://www.inaturalist.org/observations/74290998","Gall","","bisexual","developing","54779",1511.01806641,1417.3335950427,107,"developing_"
74291059,"2021-04-17","Andricus quercuspetiolicola","36.1151437937","-80.0320113004","https://www.inaturalist.org/observations/74291059","Gall","","bisexual","developing","54779",1511.01806641,1417.3323068063,107,"developing_"
74317007,"2021-04-17","Andricus quercuspetiolicola","38.8577754929","-77.3284710161","https://www.inaturalist.org/observations/74317007","Gall","","bisexual","developing","54779",1110.90515137,1099.83737438402,107,"developing_"
74317008,"2021-04-17","Andricus quercuspetiolicola","38.8577754929","-77.3284710161","https://www.inaturalist.org/observations/74317008","Gall","","bisexual","developing","54779",1110.90515137,1099.83737438402,107,"developing_"
74385974,"2021-04-18","Andricus quercuspetiolicola","34.5160004801","-93.0386049645","https://www.inaturalist.org/observations/74385974","Gall","","bisexual","developing","",1691.08117676,1486.68919576906,108,"developing_"
74400841,"2021-04-18","Andricus quercuspetiolicola","35.7094527778","-78.5966305556","https://www.inaturalist.org/observations/74400841","Gall","","bisexual","developing","",1765.6998291,1649.20408134185,108,"developing_"
74404462,"2021-04-18","Andricus quercuspetiolicola","37.2442633333","-77.3613283333","https://www.inaturalist.org/observations/74404462","Gall","","bisexual","developing","54779",1375.25305176,1329.00691151415,108,"developing_"
74443182,"2021-04-18","Andricus quercuspetiolicola","38.0288695","-78.552855","https://www.inaturalist.org/observations/74443182","Gall","","bisexual","developing","54779",1270.5201416,1245.42647778915,108,"developing_"
74473589,"2021-04-18","Andricus quercuspetiolicola","33.7948001","-80.7820962","https://www.inaturalist.org/observations/74473589","Gall","","bisexual","developing","54779",2224.51098633,1950.03586775785,108,"developing_"
74513332,"2021-04-18","Andricus quercuspetiolicola","37.6001764185","-77.3925224785","https://www.inaturalist.org/observations/74513332","Gall","","bisexual","developing","82754",1348.82910156,1313.24253132721,108,"developing_"
74699322,"2021-04-20","Andricus quercuspetiolicola","33.750816","-84.6321559722","https://www.inaturalist.org/observations/74699322","Gall","","bisexual","developing","54779",2022.83044434,1743.62802985163,110,"developing_"
74851041,"2021-04-22","Andricus quercuspetiolicola","37.5056383426","-77.5888133333","https://www.inaturalist.org/observations/74851041","Gall","","bisexual","developing","",1437.60473633,1399.3668918099,112,"developing_"
74887204,"2021-04-22","Andricus quercuspetiolicola","37.5056833333","-77.5887916667","https://www.inaturalist.org/observations/74887204","Gall","","bisexual","developing","",1437.60473633,1399.36818387719,112,"developing_"
74902667,"2021-04-22","Andricus quercuspetiolicola","35.8171156","-78.7263642","https://www.inaturalist.org/observations/74902667","Gall","","bisexual","developing","",1842.7401123,1732.62226422453,112,"developing_"
74961387,"2021-04-23","Andricus quercuspetiolicola","38.8581974019","-77.3283664064","https://www.inaturalist.org/observations/74961387","Gall","","bisexual","developing","54779",1232.94506836,1221.88259241764,113,"developing_"
74961394,"2021-04-23","Andricus quercuspetiolicola","38.8581974019","-77.3283664064","https://www.inaturalist.org/observations/74961394","Gall","","bisexual","developing","54779",1232.94506836,1221.88259241764,113,"developing_"
74961396,"2021-04-23","Andricus quercuspetiolicola","38.8581974019","-77.3283664064","https://www.inaturalist.org/observations/74961396","Gall","","bisexual","developing","54779",1232.94506836,1221.88259241764,113,"developing_"
74992189,"2021-04-21","Andricus quercuspetiolicola","34.1262778333","-94.6812666667","https://www.inaturalist.org/observations/74992189","Gall","","bisexual","developing","",1906.54077148,1665.98733805336,111,"developing_"
75104587,"2021-04-24","Andricus quercuspetiolicola","38.3584397084","-77.3287516587","https://www.inaturalist.org/observations/75104587","Gall","","bisexual","developing","128686",1401.3260498,1382.72285870596,114,"developing_"
75338758,"2021-04-26","Andricus quercuspetiolicola","39.13024262","-77.53231732","https://www.inaturalist.org/observations/75338758","Gall","","bisexual","developing","54779",1234.61901855,1226.63423948899,116,"developing_"
75373878,"2021-04-26","Andricus quercuspetiolicola","38.7536913746","-77.1125721409","https://www.inaturalist.org/observations/75373878","Gall","","bisexual","developing","119273",1467.2869873,1454.859043717,116,"developing_"
75381742,"2021-04-26","Andricus quercuspetiolicola","36.1101313198","-79.9924812276","https://www.inaturalist.org/observations/75381742","Gall","","bisexual","developing","54779",1686.96801758,1593.02039322142,116,"developing_"
75381746,"2021-04-26","Andricus quercuspetiolicola","36.1100533107","-79.992524143","https://www.inaturalist.org/observations/75381746","Gall","","bisexual","developing","54779",1686.96801758,1593.01631397044,116,"developing_"
75416873,"2021-04-26","Andricus quercuspetiolicola","35.0735099722","-92.494173","https://www.inaturalist.org/observations/75416873","Gall","","bisexual","developing","82754",1825.20812988,1665.96057812467,116,"developing_"
75559320,"2021-04-28","Andricus quercuspetiolicola","40.7837416667","-81.9299083333","https://www.inaturalist.org/observations/75559320","Gall","","bisexual","developing","54780",899.900268555,899.679793066371,118,"developing_"
75684791,"2021-04-29","Andricus quercuspetiolicola","34.7565763973","-84.392617229","https://www.inaturalist.org/observations/75684791","Gall","","bisexual","developing","54779",1859.12011719,1675.13081366885,119,"developing_"
75692960,"2021-04-29","Andricus quercuspetiolicola","40.6582076146","-73.9973126936","https://www.inaturalist.org/observations/75692960","Gall","","bisexual","developing","54780",1253.71728516,1253.35938142618,119,"developing_"
75732794,"2021-04-29","Andricus quercuspetiolicola","36.6880770999","-95.98571501","https://www.inaturalist.org/observations/75732794","Gall","","bisexual","developing","54781",1693.30444336,1626.45354760618,119,"developing_"
75847246,"2021-04-30","Andricus quercuspetiolicola","36.1101313198","-79.9925456007","https://www.inaturalist.org/observations/75847246","Gall","","bisexual","developing","54779",1833.75793457,1739.81031021142,120,"developing_"
75926333,"2021-04-30","Andricus quercuspetiolicola","38.363945","-77.59298","https://www.inaturalist.org/observations/75926333","Gall","","bisexual","developing","54779",1488.14916992,1469.64360861422,120,"developing_"
75947574,"2021-04-30","Andricus quercuspetiolicola","40.0582742992","-75.2485681092","https://www.inaturalist.org/observations/75947574","Gall","","bisexual","developing","",1199.78015137,1197.98211210411,120,"developing_"
76117032,"2021-05-01","Andricus quercuspetiolicola","40.6498113657","-73.9854859036","https://www.inaturalist.org/observations/76117032","Gall","","bisexual","developing","54780",1313.79223633,1313.42351595665,121,"developing_"
76413314,"2021-05-01","Andricus quercuspetiolicola","38.912736","-77.356492","https://www.inaturalist.org/observations/76413314","Gall","","bisexual","developing","54779",1454.47094727,1444.07956103485,121,"developing_"
77002532,"2021-05-03","Andricus quercuspetiolicola","40.7995948789","-77.8652114867","https://www.inaturalist.org/observations/77002532","Gall","","bisexual","developing","54779",991.079284668,990.873127144355,123,"developing_"
77092862,"2021-05-03","Andricus quercuspetiolicola","38.8769422476","-77.495909734","https://www.inaturalist.org/observations/77092862","Gall","","bisexual","developing","54780",1509.25427246,1498.42561020492,123,"developing_"
77164490,"2021-04-30","Andricus quercuspetiolicola","38.9543905611","-77.3053375665","https://www.inaturalist.org/observations/77164490","Gall","","bisexual","developing","128686",1469.44714355,1459.54961944162,120,"developing_"
77260180,"2021-05-04","Andricus quercuspetiolicola","40.7086","-73.83127","https://www.inaturalist.org/observations/77260180","Gall","","bisexual","developing","",1305.28735352,1304.98995459923,124,"developing_"
77355251,"2021-05-04","Andricus quercuspetiolicola","38.28219223","-85.899757385","https://www.inaturalist.org/observations/77355251","Gall","","bisexual","developing","54779",1541.06884766,1521.07798486304,124,"developing_"
77392454,"2021-05-01","Andricus quercuspetiolicola","38.9131866667","-77.355805","https://www.inaturalist.org/observations/77392454","Gall","","bisexual","developing","54779",1454.47094727,1444.08499020953,121,"developing_"
77394016,"2021-05-01","Andricus quercuspetiolicola","38.9130083333","-77.3565533333","https://www.inaturalist.org/observations/77394016","Gall","","bisexual","developing","54779",1454.47094727,1444.08284205601,121,"developing_"
77454869,"2021-05-05","Andricus quercuspetiolicola","40.784013304","-77.863716418","https://www.inaturalist.org/observations/77454869","Gall","","bisexual","developing","54779",1058.64221191,1058.42198716885,125,"developing_"
77460230,"2021-05-03","Andricus quercuspetiolicola","38.4526633333","-77.2589716667","https://www.inaturalist.org/observations/77460230","Gall","","bisexual","developing","128686",1655.46813965,1638.48912190332,123,"developing_"
77532642,"2021-05-05","Andricus quercuspetiolicola","37.603418","-88.385021","https://www.inaturalist.org/observations/77532642","Gall","","bisexual","developing","",1614.8873291,1579.38942511524,125,"developing_"
77536113,"2021-05-02","Andricus quercuspetiolicola","38.9966383333","-77.2493583333","https://www.inaturalist.org/observations/77536113","Gall","","bisexual","developing","",1487.49230957,1478.07943994322,122,"developing_"
77585094,"2021-04-30","Andricus quercuspetiolicola","38.8394878","-76.9780465997","https://www.inaturalist.org/observations/77585094","Gall","","bisexual","developing","",1534.01330566,1522.71412338362,120,"developing_"
77667743,"2021-05-06","Andricus quercuspetiolicola","35.0741969722","-92.494084","https://www.inaturalist.org/observations/77667743","Gall","","bisexual","developing","82754",2176.66723633,2017.4707504159,126,"developing_"
77801793,"2021-05-07","Andricus quercuspetiolicola","40.6520790129","-73.9984379495","https://www.inaturalist.org/observations/77801793","Gall","","bisexual","developing","54780",1489.41821289,1489.05243503856,127,"developing_"
77804449,"2021-05-05","Andricus quercuspetiolicola","33.8649783333","-84.2273416667","https://www.inaturalist.org/observations/77804449","Gall","","bisexual","developing","54779",2487.59008789,2220.54655071928,125,"developing_"
77822251,"2021-05-07","Andricus quercuspetiolicola","39.1100362997","-76.4406771","https://www.inaturalist.org/observations/77822251","Gall","","bisexual","developing","",1798.21704102,1790.02626283986,127,"developing_"
77963670,"2021-05-08","Andricus quercuspetiolicola","39.3607666667","-74.6500333333","https://www.inaturalist.org/observations/77963670","Gall","","bisexual","developing","",1533.32922363,1527.45533481442,128,"developing_"
77981334,"2021-05-08","Andricus quercuspetiolicola","38.9549743245","-78.0190278032","https://www.inaturalist.org/observations/77981334","Gall","","bisexual","developing","54779",1250.03649902,1240.14578250044,128,"developing_"
78003828,"2021-05-02","Andricus quercuspetiolicola","38.9503861117","-77.0054638883","https://www.inaturalist.org/observations/78003828","Gall","","bisexual","developing","128686",1554.99243164,1545.04812520014,122,"developing_"
78003830,"2021-05-02","Andricus quercuspetiolicola","38.9503583333","-77.005394445","https://www.inaturalist.org/observations/78003830","Gall","","bisexual","developing","128686",1554.99243164,1545.04780016277,122,"developing_"
78083851,"2021-05-09","Andricus quercuspetiolicola","41.9716877238","-87.7037276","https://www.inaturalist.org/observations/78083851","Gall","","bisexual","developing","",1092.82434082,1092.88730810538,129,"developing_"
78160980,"2021-04-30","Andricus quercuspetiolicola","39.0038027833","-77.2447583333","https://www.inaturalist.org/observations/78160980","Gall","","bisexual","developing","54779",1429.36987305,1420.0375893199,120,"developing_"
78161026,"2021-04-30","Andricus quercuspetiolicola","39.0037722167","-77.2447966667","https://www.inaturalist.org/observations/78161026","Gall","","bisexual","developing","white oak",1429.36987305,1420.0372464868,120,"developing_"
78178864,"2021-04-30","Andricus quercuspetiolicola","38.8836512844","-77.1529895998","https://www.inaturalist.org/observations/78178864","Gall","","bisexual","developing","128686",1502.36914062,1491.62335595402,120,"developing_"
78241088,"2021-05-10","Andricus quercuspetiolicola","40.79722764","-77.86273684","https://www.inaturalist.org/observations/78241088","Gall","","bisexual","developing","54780",1130.09313965,1129.88488473136,130,"developing_"
78241701,"2021-05-10","Andricus quercuspetiolicola","40.7972072","-77.8626849","https://www.inaturalist.org/observations/78241701","Gall","","bisexual","developing","54780",1130.09313965,1129.88486655967,130,"developing_"
78404276,"2021-05-11","Andricus quercuspetiolicola","40.6568830004","-73.9871408367","https://www.inaturalist.org/observations/78404276","Gall","","bisexual","developing","",1578.20324707,1577.84365112286,131,"developing_"
78425640,"2021-05-11","Andricus quercuspetiolicola","39.09188934","-86.4520505","https://www.inaturalist.org/observations/78425640","Gall","","bisexual","developing","54779",1520.81872559,1512.43994976527,131,"developing_"
78489953,"2021-05-12","Andricus quercuspetiolicola","39.1274275745","-77.1575916741","https://www.inaturalist.org/observations/78489953","Gall","","bisexual","developing","",1702.85314941,1694.83988106785,132,"developing_"
78513660,"2021-05-12","Andricus quercuspetiolicola","35.77215","-84.242011","https://www.inaturalist.org/observations/78513660","Gall","","bisexual","developing","54779",2295.40380859,2182.6513140425,132,"developing_"
78533932,"2021-05-12","Andricus quercuspetiolicola","40.6077716667","-75.378395","https://www.inaturalist.org/observations/78533932","Gall","","bisexual","developing","",1315.06091309,1314.63474661563,132,"developing_"
78648958,"2021-05-13","Andricus quercuspetiolicola","40.3889540881","-77.2122174874","https://www.inaturalist.org/observations/78648958","Gall","","bisexual","developing","128686",1357.74829102,1356.92539063114,133,"developing_"
78729238,"2021-05-14","Andricus quercuspetiolicola","40.38668","-74.8338083333","https://www.inaturalist.org/observations/78729238","Gall; Gall","","bisexual","developing","",1452.49987793,1451.67191425569,134,"developing_"
78753045,"2021-05-05","Andricus quercuspetiolicola","35.206895","-80.7691583333","https://www.inaturalist.org/observations/78753045","Gall; Gall","Larva; Larva","bisexual","developing","54779",2341.96118164,2192.42503531145,125,"developing_Larva; Larva"
78777189,"2021-05-14","Andricus quercuspetiolicola","33.6627634596","-84.2696386324","https://www.inaturalist.org/observations/78777189","Gall; Gall","","bisexual","developing","54779",2838.05834961,2549.22980331773,134,"developing_"
78862249,"2021-05-15","Andricus quercuspetiolicola","40.6908775","-76.25794","https://www.inaturalist.org/observations/78862249","Gall; Gall","","bisexual","developing","",1309.27404785,1308.95621843769,135,"developing_"
78919155,"2021-05-15","Andricus quercuspetiolicola","43.6067937903","-84.2801439739","https://www.inaturalist.org/observations/78919155","Gall; Gall","","bisexual","developing","54781",996.812316895,1002.42302065866,135,"developing_"
79189489,"2021-05-17","Andricus quercuspetiolicola","40.809936138","-77.7964666486","https://www.inaturalist.org/observations/79189489","Gall; Gall","","bisexual","developing","",1152.65625,1152.45908986648,137,"developing_"
79202041,"2021-05-17","Andricus quercuspetiolicola","43.6160683945","-84.1739654962","https://www.inaturalist.org/observations/79202041","Gall; Gall","","bisexual","developing","54781",1036.35827637,1042.04340574547,137,"developing_"
79237261,"2021-05-17","Andricus quercuspetiolicola","33.3099446088","-86.7555879689","https://www.inaturalist.org/observations/79237261","Gall; Gall","","bisexual","developing","",3043.98779297,2714.36914975856,137,"developing_"
79290743,"2021-05-18","Andricus quercuspetiolicola","40.8083116667","-81.963555","https://www.inaturalist.org/observations/79290743","Gall; Gall","","bisexual","developing","54779",1314.26013184,1314.06157602896,138,"developing_"
79296126,"2021-05-18","Andricus quercuspetiolicola","41.2648583333","-96.00546945","https://www.inaturalist.org/observations/79296126","Gall; Gall","","bisexual","developing","",1545.33508301,1545.32728219413,138,"developing_"
79316284,"2021-05-18","Andricus quercuspetiolicola","41.5445404","-73.2090025","https://www.inaturalist.org/observations/79316284","Gall; Gall","","bisexual","developing","54779",1298.42944336,1298.42949637681,138,"developing_"
79338854,"2021-05-18","Andricus quercuspetiolicola","40.78022","-81.9308383333","https://www.inaturalist.org/observations/79338854","Gall; Gall","","bisexual","developing","128686",1302.12817383,1301.90443025368,138,"developing_"
79421527,"2021-05-19","Andricus quercuspetiolicola","40.4735280919","-74.4248536732","https://www.inaturalist.org/observations/79421527","Gall; Gall","","bisexual","developing","54779",1641.00488281,1640.35596087366,139,"developing_"
79438744,"2021-05-19","Andricus quercuspetiolicola","42.1201249026","-71.1681113482","https://www.inaturalist.org/observations/79438744","Gall; Gall","","bisexual","developing","54779",1306.70910645,1306.85218969002,139,"developing_"
79481051,"2021-05-19","Andricus quercuspetiolicola","42.4477194444","-76.4814583333","https://www.inaturalist.org/observations/79481051","Gall; Gall","","bisexual","developing","54781",1158.04736328,1158.55809240391,139,"developing_"
79530443,"2021-05-19","Andricus quercuspetiolicola","42.4622766667","-71.1554433333","https://www.inaturalist.org/observations/79530443","Gall; Gall","","bisexual","developing","54779",1356.13684082,1356.67146810052,139,"developing_"
79539606,"2021-05-19","Andricus quercuspetiolicola","42.4358866667","-71.1063695","https://www.inaturalist.org/observations/79539606","Gall; Gall","","bisexual","developing","128686",1356.95617676,1357.44801357171,139,"developing_"
79574385,"2021-05-20","Andricus quercuspetiolicola","40.682975","-82.0629278333","https://www.inaturalist.org/observations/79574385","Gall; Gall","","bisexual","developing","54779",1412.38708496,1412.05985181428,140,"developing_"
79577618,"2021-05-20","Andricus quercuspetiolicola","40.681605","-82.0522528333","https://www.inaturalist.org/observations/79577618","Gall; Gall","","bisexual","developing","54779",1412.38708496,1412.05820292387,140,"developing_"
79583293,"2021-05-20","Andricus quercuspetiolicola","39.8101065948","-78.4822317213","https://www.inaturalist.org/observations/79583293","Gall; Gall","","bisexual","developing","",1581.18200684,1578.28646940717,140,"developing_"
79633183,"2021-05-19","Andricus quercuspetiolicola","44.7116583333","-93.173225","https://www.inaturalist.org/observations/79633183","Gall; Gall","","bisexual","developing","",1085.77709961,1105.65356984052,139,"developing_"
79648094,"2021-05-18","Andricus quercuspetiolicola","41.2335166931","-90.3330230711","https://www.inaturalist.org/observations/79648094","Gall; Gall","","bisexual","developing","",1360.49267578,1360.48132145614,138,"developing_"
79649263,"2021-05-21","Andricus quercuspetiolicola","41.46125703","-71.94418167","https://www.inaturalist.org/observations/79649263","Gall; Gall","","bisexual","developing","128686",1371.4909668,1371.49093190767,141,"developing_"
79727691,"2021-05-21","Andricus quercuspetiolicola","41.6880045412","-81.1159970239","https://www.inaturalist.org/observations/79727691","Gall; Gall","","bisexual","developing","128686",1404.5925293,1404.59651639211,141,"developing_"
79823422,"2021-05-21","Andricus quercuspetiolicola","42.429295","-71.1211166667","https://www.inaturalist.org/observations/79823422","Gall; Gall","","bisexual","developing","54779",1407.54492188,1408.02643935371,141,"developing_"
79890005,"2021-05-22","Andricus quercuspetiolicola","43.6797997403","-84.2541384684","https://www.inaturalist.org/observations/79890005","Gall; Gall","","bisexual","developing","54779",1219.02282715,1225.23725342181,142,"developing_"
79890026,"2021-05-22","Andricus quercuspetiolicola","43.6799742874","-84.2525645782","https://www.inaturalist.org/observations/79890026","Gall; Gall","","bisexual","developing","54779",1219.02282715,1225.23874639879,142,"developing_"
79890028,"2021-05-22","Andricus quercuspetiolicola","43.6799898058","-84.2524875638","https://www.inaturalist.org/observations/79890028","Gall; Gall","","bisexual","developing","54779",1219.02282715,1225.23887914596,142,"developing_"
79890030,"2021-05-22","Andricus quercuspetiolicola","43.68004412","-84.2524597854","https://www.inaturalist.org/observations/79890030","Gall; Gall","","bisexual","developing","54779",1219.02282715,1225.23934377424,142,"developing_"
79893975,"2021-05-22","Andricus quercuspetiolicola","43.6784935031","-84.2532730915","https://www.inaturalist.org/observations/79893975","Gall; Gall","","bisexual","developing","54779",1224.97119141,1231.17445245703,142,"developing_"
80027180,"2021-05-23","Andricus quercuspetiolicola","38.2359616667","-94.4380283333","https://www.inaturalist.org/observations/80027180","Gall; Gall","","bisexual","developing","54781",2081.53710938,2060.67217602058,143,"developing_"
80194296,"2021-05-24","Andricus quercuspetiolicola","41.9736783333","-87.6817333333","https://www.inaturalist.org/observations/80194296","Gall; Gall","","bisexual","developing","54783",1493.91833496,1493.98210281524,144,"developing_"
80194356,"2021-05-24","Andricus quercuspetiolicola","41.9736783333","-87.6817333333","https://www.inaturalist.org/observations/80194356","Gall; Gall","","bisexual","developing","54783",1493.91833496,1493.98210281524,144,"developing_"
80194405,"2021-05-24","Andricus quercuspetiolicola","41.9736633333","-87.6817466667","https://www.inaturalist.org/observations/80194405","Gall; Gall","","bisexual","developing","54783",1493.91833496,1493.98209675741,144,"developing_"
80202752,"2021-05-24","Andricus quercuspetiolicola","43.6139611111","-84.1783916667","https://www.inaturalist.org/observations/80202752","Gall; Gall","","bisexual","developing","54780",1310.36328125,1316.03144295235,144,"developing_"
80287555,"2021-05-25","Andricus quercuspetiolicola","41.520839","-81.584519","https://www.inaturalist.org/observations/80287555","Gall; Gall","","bisexual","developing","",1702.56518555,1702.56519097978,145,"developing_"
80301426,"2021-05-25","Andricus quercuspetiolicola","41.1434861667","-82.2370616667","https://www.inaturalist.org/observations/80301426","Gall; Gall","","bisexual","developing","54780",1606.37329102,1606.34610282301,145,"developing_"
80308099,"2021-05-25","Andricus quercuspetiolicola","38.857913345","-77.3284736954","https://www.inaturalist.org/observations/80308099","Gall; Gall","","bisexual","developing","54779",2211.29833984,2200.23229507249,145,"developing_"
80390802,"2021-05-25","Andricus quercuspetiolicola","38.9776163","-76.2493477997","https://www.inaturalist.org/observations/80390802","Gall; Gall","","bisexual","developing","",2172.52661133,2162.89753334094,145,"developing_"
80609864,"2021-05-28","Andricus quercuspetiolicola","41.6563731","-87.0582108","https://www.inaturalist.org/observations/80609864","Gall; Gall","","bisexual","developing","54779",1498.56201172,1498.56430595229,148,"developing_"
80633978,"2021-05-28","Andricus quercuspetiolicola","42.5186916667","-71.3181333333","https://www.inaturalist.org/observations/80633978","Gall; Gall","","bisexual","developing","54779",1590.79394531,1591.42822310947,148,"developing_"
80653194,"2021-05-28","Andricus quercuspetiolicola","32.920042626","-96.8080611852","https://www.inaturalist.org/observations/80653194","Gall; Gall","","bisexual","perimature","54781",3707.00854492,3328.03696604274,148,"perimature_"
80656137,"2021-05-28","Andricus quercuspetiolicola","42.0058111111","-87.6961222222","https://www.inaturalist.org/observations/80656137","Gall; Gall","","bisexual","developing","54780",1629.61120605,1629.68885155985,148,"developing_"
80656138,"2021-05-28","Andricus quercuspetiolicola","42.0058166667","-87.6961277778","https://www.inaturalist.org/observations/80656138","Gall; Gall","","bisexual","developing","54780",1629.61120605,1629.68885411834,148,"developing_"
80658951,"2021-05-28","Andricus quercuspetiolicola","38.8577671424","-77.3284254142","https://www.inaturalist.org/observations/80658951","Gall; Gall","","bisexual","developing","54779",2336.33520508,2325.26732315771,148,"developing_"
80804540,"2021-05-29","Andricus quercuspetiolicola","40.4772890792","-79.9409262554","https://www.inaturalist.org/observations/80804540","Gall; Gall","","bisexual","developing","128686",1882.39416504,1881.75234993951,149,"developing_"
80823884,"2021-05-29","Andricus quercuspetiolicola","40.7058060004","-74.7067987714","https://www.inaturalist.org/observations/80823884","Gall; Gall","","bisexual","developing","54780",1923.34399414,1923.04343422801,149,"developing_"
80826136,"2021-05-22","Andricus quercuspetiolicola","42.2993632799","-71.6209686609","https://www.inaturalist.org/observations/80826136","Gall; Gall","","bisexual","developing","54779",1378.16906738,1378.47553446208,142,"developing_"
80881791,"2021-05-22","Andricus quercuspetiolicola","42.4600472222","-71.1610333333","https://www.inaturalist.org/observations/80881791","Gall; Gall","","bisexual","developing","54779",1457.88183594,1458.41275587982,142,"developing_"
80907962,"2021-05-30","Andricus quercuspetiolicola","40.00946325","-75.52387025","https://www.inaturalist.org/observations/80907962","Gall; Gall","","bisexual","developing","",2015.63867188,2013.65175675761,150,"developing_"
80938262,"2021-05-22","Andricus quercuspetiolicola","38.5162316968","-75.8189874568","https://www.inaturalist.org/observations/80938262","Gall; Gall","","bisexual","developing","54779",2195.77416992,2179.83570324698,142,"developing_"
80996902,"2021-05-30","Andricus quercuspetiolicola","44.4601790898","-93.1504758304","https://www.inaturalist.org/observations/80996902","Gall; Gall","","bisexual","developing","54780",1403.36022949,1418.92365566463,150,"developing_"
80996996,"2021-05-30","Andricus quercuspetiolicola","44.4601813845","-93.1504852263","https://www.inaturalist.org/observations/80996996","Gall; Gall","","bisexual","developing","54780",1403.36022949,1418.92369185848,150,"developing_"
81031842,"2021-05-30","Andricus quercuspetiolicola","40.0094963333","-75.5237948883","https://www.inaturalist.org/observations/81031842","Gall; Gall","","bisexual","developing","",2015.63867188,2013.65188905676,150,"developing_"
81081518,"2021-04-07","Andricus quercuspetiolicola","32.9275099722","-97.2009249722","https://www.inaturalist.org/observations/81081518","Gall; Gall","","bisexual","developing","54783",1848.27539062,1470.29243544888,97,"developing_"
81112123,"2021-05-03","Andricus quercuspetiolicola","40.5760130779","-75.4965609717","https://www.inaturalist.org/observations/81112123","Gall; Gall","Pupa; Pupa","bisexual","developing","54780",1130.51611328,1130.04279996339,123,"developing_Pupa; Pupa"
81143062,"2021-05-29","Andricus quercuspetiolicola","43.9714433394","-83.2218131965","https://www.inaturalist.org/observations/81143062","Gall; Gall","","bisexual","developing","54779",1198.76330566,1207.82069892866,149,"developing_"
81143067,"2021-05-29","Andricus quercuspetiolicola","43.9716659979","-83.2286388886","https://www.inaturalist.org/observations/81143067","Gall; Gall","","bisexual","developing","54779",1198.76330566,1207.82314715872,149,"developing_"
81165948,"2021-05-29","Andricus quercuspetiolicola","42.029142","-87.9278484722","https://www.inaturalist.org/observations/81165948","Organism; Organism; Gall; Gall","","bisexual","developing","",1733.07495117,1733.16384424996,149,"developing_"
81166278,"2021-06-01","Andricus quercuspetiolicola","40.7085836906","-73.8310587365","https://www.inaturalist.org/observations/81166278","Organism; Organism","Adult; Adult","bisexual","","",2143.15087891,2142.85346160221,152,"_Adult; Adult"
81169488,"2021-05-31","Andricus quercuspetiolicola","42.64781","-72.2197866667","https://www.inaturalist.org/observations/81169488","Gall; Gall","","bisexual","developing","54779",1411.4329834,1412.34030502662,151,"developing_"
81237044,"2021-06-01","Andricus quercuspetiolicola","40.0906009722","-88.240722","https://www.inaturalist.org/observations/81237044","Gall; Gall","","bisexual","developing","",2010.42822266,2008.74843977058,152,"developing_"
81257509,"2021-06-01","Andricus quercuspetiolicola","43.6138263935","-84.178307722","https://www.inaturalist.org/observations/81257509","Organism; Organism; Gall; Gall","Larva; Larva","bisexual","developing","54780",1507.59814453,1513.26522264693,152,"developing_Larva; Larva"
81327806,"2021-06-02","Andricus quercuspetiolicola","42.1106297959","-71.1870260615","https://www.inaturalist.org/observations/81327806","Gall; Gall","","bisexual","developing","54779",1711.75427246,1711.89088332036,153,"developing_"
81341737,"2021-06-02","Andricus quercuspetiolicola","40.1799437027","-74.1505162779","https://www.inaturalist.org/observations/81341737","Gall; Gall","","bisexual","developing","",2103.30786133,2101.92770395612,153,"developing_"
81364070,"2021-06-02","Andricus quercuspetiolicola","40.1144279922","-88.2210083044","https://www.inaturalist.org/observations/81364070","Organism; Organism","Adult; Adult","bisexual","maturing","",2042.35961914,2040.7635983178,153,"maturing_Adult; Adult"
81372716,"2021-06-02","Andricus quercuspetiolicola","42.5296066667","-72.30744","https://www.inaturalist.org/observations/81372716","Gall; Gall","","bisexual","developing","54779",1562.30883789,1562.96372325966,153,"developing_"
81513520,"2021-06-03","Andricus quercuspetiolicola","42.629892608","-71.2875203918","https://www.inaturalist.org/observations/81513520","Gall; Gall","","bisexual","developing","54779",1752.31689453,1753.18238592154,154,"developing_"
81514655,"2021-06-03","Andricus quercuspetiolicola","42.6298204165","-71.2881308921","https://www.inaturalist.org/observations/81514655","Gall; Gall","","bisexual","developing","54779",1752.31689453,1753.18222003729,154,"developing_"
81522134,"2021-06-01","Andricus quercuspetiolicola","42.3711566667","-71.46248","https://www.inaturalist.org/observations/81522134","Gall; Gall","","bisexual","developing","54779",1702.74511719,1703.14179695189,152,"developing_"
81583635,"2021-06-04","Andricus quercuspetiolicola","42.536567934","-72.3075090754","https://www.inaturalist.org/observations/81583635","Gall; Gall","","bisexual","developing","54779",1630.92480469,1631.59306329552,155,"developing_"
81614120,"2021-06-03","Andricus quercuspetiolicola","40.6387829722","-77.885557","https://www.inaturalist.org/observations/81614120","Gall; Gall","","bisexual","developing","128686",1782.68322754,1782.29997144132,154,"developing_"
81615693,"2021-06-04","Andricus quercuspetiolicola","42.6301318017","-71.2877620707","https://www.inaturalist.org/observations/81615693","Gall; Gall","","bisexual","developing","",1790.02685547,1790.892896641,155,"developing_"
81616619,"2021-06-04","Andricus quercuspetiolicola","42.6303191078","-71.2872221262","https://www.inaturalist.org/observations/81616619","Organism; Organism; Gall; Gall","Larva; Larva","bisexual","developing","",1790.02685547,1790.89332732089,155,"developing_Larva; Larva"
81696713,"2021-05-24","Andricus quercuspetiolicola","42.4639","-71.0854694444","https://www.inaturalist.org/observations/81696713","Gall; Gall","","bisexual","developing","54779",1516.95788574,1517.49522329047,144,"developing_"
81737861,"2021-06-05","Andricus quercuspetiolicola","40.5511083333","-81.9123083333","https://www.inaturalist.org/observations/81737861","Gall; Gall","","bisexual","developing","54779",2008.70874023,2008.19611361769,156,"developing_"
81778764,"2021-06-05","Andricus quercuspetiolicola","41.0287888333","-74.3771583333","https://www.inaturalist.org/observations/81778764","Gall; Gall","","bisexual","developing","oaks",1816.01000977,1815.94723314381,156,"developing_"
82012685,"2021-06-07","Andricus quercuspetiolicola","41.0126833333","-81.5888533333","https://www.inaturalist.org/observations/82012685","Gall; Gall","","bisexual","developing","54780",2034.64697266,2034.57753660393,158,"developing_"
82098240,"2021-05-31","Andricus quercuspetiolicola","40.3782306861","-87.0891036348","https://www.inaturalist.org/observations/82098240","Organism; Organism; Gall; Gall","Larva; Larva","bisexual","developing","54779",2006.30603027,2005.4590721864,151,"developing_Larva; Larva"
82286767,"2021-06-06","Andricus quercuspetiolicola","42.1911893292","-71.6398366642","https://www.inaturalist.org/observations/82286767","Gall; Gall","","bisexual","developing","",1789.45080566,1789.64893204916,157,"developing_"
82348691,"2021-06-09","Andricus quercuspetiolicola","40.785755","-81.9378133333","https://www.inaturalist.org/observations/82348691","Gall; Gall","","bisexual","developing","54779",2121.10107422,2120.88245271641,160,"developing_"
82505157,"2021-06-10","Andricus quercuspetiolicola","38.6932898","-77.2557572","https://www.inaturalist.org/observations/82505157","Gall; Gall","","bisexual","developing","",2986.90039062,2973.63426916133,161,"developing_"
82576852,"2021-06-10","Andricus quercuspetiolicola","42.45507","-71.0844805","https://www.inaturalist.org/observations/82576852","Gall; Gall","","bisexual","developing","54779",2109.55395508,2110.07666032857,161,"developing_"
82613867,"2021-06-11","Andricus quercuspetiolicola","40.8626533333","-81.8551783333","https://www.inaturalist.org/observations/82613867","Gall; Gall","","bisexual","developing","54779",2122.73876953,2122.5834312805,162,"developing_"
82902396,"2021-06-13","Andricus quercuspetiolicola","42.0914046687","-71.1473569306","https://www.inaturalist.org/observations/82902396","Gall; Gall","","bisexual","developing","128686",2133.36767578,2133.4917854144,164,"developing_"
82924616,"2021-06-12","Andricus quercuspetiolicola","39.0480583333","-77.1172945","https://www.inaturalist.org/observations/82924616","Gall; Gall","","bisexual","perimature","54780",2883.09472656,2874.25005619174,163,"perimature_"
83049508,"2021-06-08","Andricus quercuspetiolicola","41.9977905","-87.7721236997","https://www.inaturalist.org/observations/83049508","Gall; Gall","","bisexual","developing","54781",2040.10095215,2040.17496226223,159,"developing_"
83053304,"2021-06-13","Andricus quercuspetiolicola","42.372225","-71.5137966667","https://www.inaturalist.org/observations/83053304","Gall; Gall","","bisexual","developing","54779",2122.55859375,2122.95673469379,164,"developing_"
83177559,"2021-06-15","Andricus quercuspetiolicola","36.1580392672","-86.7728785146","https://www.inaturalist.org/observations/83177559","Gall; Gall","","bisexual","developing","",3714.95507812,3623.49041811238,166,"developing_"
83408283,"2021-06-16","Andricus quercuspetiolicola","38.9557429722","-77.324696","https://www.inaturalist.org/observations/83408283","Gall; Gall","","bisexual","perimature","",3074.53344727,3064.65168961562,167,"perimature_"
83526255,"2021-06-16","Andricus quercuspetiolicola","42.4562333333","-71.1247166667","https://www.inaturalist.org/observations/83526255","Gall; Gall","","bisexual","developing","54779",2308.25585938,2308.78047701636,167,"developing_"
83658416,"2021-06-18","Andricus quercuspetiolicola","39.5729","-77.4756083333","https://www.inaturalist.org/observations/83658416","Gall; Gall","","bisexual","developing","",2430.90795898,2426.61393955629,169,"developing_"
83864437,"2021-06-20","Andricus quercuspetiolicola","33.7966216667","-84.359725","https://www.inaturalist.org/observations/83864437","Gall; Gall","","bisexual","perimature","54779",4424.88476562,4150.60426492436,171,"perimature_"
83975800,"2021-06-21","Andricus quercuspetiolicola","41.5405273438","-87.8445587158","https://www.inaturalist.org/observations/83975800","Gall; Gall","","bisexual","perimature","",2558.34765625,2558.34769618886,172,"perimature_"
84029008,"2021-06-21","Andricus quercuspetiolicola","43.9808535189","-83.2064751586","https://www.inaturalist.org/observations/84029008","Gall; Gall","","bisexual","developing","54779",1865.20349121,1874.36473873113,172,"developing_"
84452825,"2021-06-25","Andricus quercuspetiolicola","40.775466","-77.863686","https://www.inaturalist.org/observations/84452825","Gall; Gall","","bisexual","perimature","54779",2614.74951172,2614.52130545592,176,"perimature_"
84498421,"2021-06-25","Andricus quercuspetiolicola","40.785393552","-73.935068613","https://www.inaturalist.org/observations/84498421","Gall; Gall","","bisexual","developing","",3184.05493164,3183.83597806422,176,"developing_"
84498436,"2021-06-25","Andricus quercuspetiolicola","40.785719488","-73.9355567304","https://www.inaturalist.org/observations/84498436","Gall; Gall","","bisexual","developing","",3184.05493164,3183.83627752545,176,"developing_"
84498459,"2021-06-25","Andricus quercuspetiolicola","40.785368","-73.935034","https://www.inaturalist.org/observations/84498459","Gall; Gall","","bisexual","perimature","",3184.05493164,3183.83595457618,176,"perimature_"
84507365,"2021-06-25","Andricus quercuspetiolicola","42.1380971667","-87.7807366667","https://www.inaturalist.org/observations/84507365","Gall; Gall","","bisexual","developing","",2637.77319336,2637.92908100606,176,"developing_"
84596348,"2021-06-26","Andricus quercuspetiolicola","39.285235","-84.3903916667","https://www.inaturalist.org/observations/84596348","Gall; Gall","","bisexual","perimature","54780",3165.81152344,3159.293225528,177,"perimature_"
84682071,"2021-06-19","Andricus quercuspetiolicola","44.7668172542","-93.5079543407","https://www.inaturalist.org/observations/84682071","Gall; Gall","","bisexual","developing","54781",2316.8059082,2337.72417859646,170,"developing_"
84782708,"2021-06-25","Andricus quercuspetiolicola","36.1431914501","-79.9962913752","https://www.inaturalist.org/observations/84782708","Gall; Gall","","bisexual","developing","54779",3868.91894531,3776.68949381384,176,"developing_"
85251667,"2021-07-01","Andricus quercuspetiolicola","40.9544819722","-83.5501399722","https://www.inaturalist.org/observations/85251667","Gall; Gall","","bisexual","developing","",3118.35473633,3118.25733193069,182,"developing_"
85271025,"2021-07-01","Andricus quercuspetiolicola","38.5973029722","-75.353149","https://www.inaturalist.org/observations/85271025","Gall; Gall","","bisexual","developing","",3737.50976562,3722.83550003133,182,"developing_"
85326162,"2021-06-24","Andricus quercuspetiolicola","45.2142730905","-93.0677062746","https://www.inaturalist.org/observations/85326162","Gall; Gall","","bisexual","developing","54779",2388.42822266,2419.17309868335,175,"developing_"
85428734,"2021-06-28","Andricus quercuspetiolicola","44.889687","-93.349949","https://www.inaturalist.org/observations/85428734","Gall; Gall","","bisexual","perimature","",2736.04345703,2759.41191437865,179,"perimature_"
85676867,"2021-07-04","Andricus quercuspetiolicola","42.8685979452","-77.5903368742","https://www.inaturalist.org/observations/85676867","Gall; Gall","","bisexual","perimature","",2818.29394531,2819.83202522593,185,"perimature_"
85686868,"2021-07-04","Andricus quercuspetiolicola","40.6987583333","-74.497895","https://www.inaturalist.org/observations/85686868","Gall; Gall","","bisexual","perimature","54780",3272.96582031,3272.65718768871,185,"perimature_"
85855256,"2021-07-05","Andricus quercuspetiolicola","40.5788583333","-81.4499666667","https://www.inaturalist.org/observations/85855256","Gall; Gall","","bisexual","developing","54779",3131.01806641,3130.54911209862,186,"developing_"
86100144,"2021-07-06","Andricus quercuspetiolicola","39.572965","-77.4756516667","https://www.inaturalist.org/observations/86100144","Gall; Gall","","bisexual","developing","",3125.21264648,3120.91906154622,187,"developing_"
86131195,"2021-07-07","Andricus quercuspetiolicola","43.6138094365","-84.1783301981","https://www.inaturalist.org/observations/86131195","Gall; Gall","","bisexual","perimature","54780",2894.89404297,2900.56098470505,188,"perimature_"
86225385,"2021-07-08","Andricus quercuspetiolicola","40.8392866667","-81.946555","https://www.inaturalist.org/observations/86225385","Gall; Gall","","bisexual","perimature","",3161.06958008,3160.8965225649,189,"perimature_"
86335728,"2021-07-09","Andricus quercuspetiolicola","44.748645","-93.1649471667","https://www.inaturalist.org/observations/86335728","Gall; Gall","","bisexual","perimature","",3075.69458008,3096.26570388175,190,"perimature_"
86364993,"2021-07-06","Andricus quercuspetiolicola","32.682254","-96.799109","https://www.inaturalist.org/observations/86364993","Gall; Gall","","bisexual","perimature","",5500.65429688,5089.29245475388,187,"perimature_"
86447680,"2021-07-10","Andricus quercuspetiolicola","39.7249416667","-82.5946416667","https://www.inaturalist.org/observations/86447680","Gall; Gall","","bisexual","perimature","128686",3543.43432617,3540.07857971869,191,"perimature_"
86637751,"2021-07-11","Andricus quercuspetiolicola","40.8943833333","-81.7284916667","https://www.inaturalist.org/observations/86637751","Gall; Gall","","bisexual","perimature","54780",3283.234375,3283.10110122296,192,"perimature_"
86780335,"2021-07-12","Andricus quercuspetiolicola","39.141532512","-84.5157410514","https://www.inaturalist.org/observations/86780335","Gall; Gall","","bisexual","perimature","54779",3937.2902832,3929.41908348724,193,"perimature_"
87468259,"2021-07-16","Andricus quercuspetiolicola","43.0314195","-89.4402716667","https://www.inaturalist.org/observations/87468259","Gall; Gall","","bisexual","perimature","54779",3403.99584961,3406.15078259456,197,"perimature_"
87548845,"2021-07-14","Andricus quercuspetiolicola","40.6940859722","-73.999536","https://www.inaturalist.org/observations/87548845","Gall; Gall","","bisexual","perimature","",4115.44677734,4115.13271389082,195,"perimature_"
87633945,"2021-07-18","Andricus quercuspetiolicola","42.4430583333","-71.0802695","https://www.inaturalist.org/observations/87633945","Gall; Gall","","bisexual","developing","54779",3617.83666992,3618.33990038107,199,"developing_"
87677505,"2021-07-18","Andricus quercuspetiolicola","39.177419","-84.5305359722","https://www.inaturalist.org/observations/87677505","Gall; Gall","","bisexual","perimature","",4235.39941406,4227.88207987708,199,"perimature_"
88291765,"2021-07-22","Andricus quercuspetiolicola","35.1087227567","-92.5436621233","https://www.inaturalist.org/observations/88291765","Gall; Gall","","bisexual","perimature","47851",5425.30664062,5268.66247590789,203,"perimature_"
88333268,"2021-07-23","Andricus quercuspetiolicola","44.4588928077","-93.1420230588","https://www.inaturalist.org/observations/88333268","Gall; Gall","","bisexual","perimature","861033",3549.40063477,3564.94378150375,204,"perimature_"
88701493,"2021-07-26","Andricus quercuspetiolicola","41.9637133333","-87.67453","https://www.inaturalist.org/observations/88701493","Gall; Gall","","bisexual","perimature","",3963.02246094,3963.08228832227,207,"perimature_"
88740845,"2021-07-25","Andricus quercuspetiolicola","42.5504064095","-84.5127998292","https://www.inaturalist.org/observations/88740845","Gall; Gall","","bisexual","perimature","",3614.81396484,3615.50934667186,206,"perimature_"
88893043,"2021-04-07","Andricus quercuspetiolicola","32.92751","-97.200925","https://www.inaturalist.org/observations/88893043","Organism; Organism; Gall; Gall","Larva; Larva","bisexual","developing","54783",1848.27539062,1470.29243912619,97,"developing_Larva; Larva"
89576105,"2021-08-01","Andricus quercuspetiolicola","44.8663728817","-93.069748225","https://www.inaturalist.org/observations/89576105","Gall; Gall","","bisexual","developing","oaks",4124.12255859,4147.01214308991,213,"developing_"
90603516,"2021-07-30","Andricus quercuspetiolicola","42.40015","-87.8292916667","https://www.inaturalist.org/observations/90603516","Gall; Gall","","bisexual","perimature","",3844.23022461,3844.66784334645,211,"perimature_"
91074934,"2021-08-13","Andricus quercuspetiolicola","41.3961366667","-87.3287416667","https://www.inaturalist.org/observations/91074934","Gall; Gall","","bisexual","perimature","",4631.57763672,4631.57696445884,225,"perimature_"
91327991,"2021-08-15","Andricus quercuspetiolicola","41.7915716667","-87.5813283333","https://www.inaturalist.org/observations/91327991","Gall; Gall","","bisexual","perimature","unknown",4862.5546875,4862.56956011065,227,"perimature_"
91446843,"2021-08-16","Andricus quercuspetiolicola","43.3442778653","-89.3037023955","https://www.inaturalist.org/observations/91446843","Gall; Gall","","bisexual","perimature","",4467.24755859,4471.01139130037,228,"perimature_"
91767928,"2021-08-14","Andricus quercuspetiolicola","42.1024611174","-76.9481697685","https://www.inaturalist.org/observations/91767928","Gall; Gall","","bisexual","perimature","",4314.24707031,4314.37827166469,226,"perimature_"
92122315,"2021-08-22","Andricus quercuspetiolicola","40.5957235303","-98.3789366485","https://www.inaturalist.org/observations/92122315","Gall; Gall","","bisexual","perimature","",5356.60986328,5356.16619851338,234,"perimature_"
92850235,"2021-08-28","Andricus quercuspetiolicola","39.7474871915","-82.4427186037","https://www.inaturalist.org/observations/92850235","Gall; Gall","","bisexual","perimature","",5593.95556641,5590.72606965387,240,"perimature_"
99709055,"2020-06-04","Andricus quercuspetiolicola","40.1754118722","-75.2682157653","https://www.inaturalist.org/observations/99709055","Gall","","bisexual","developing","54779",2266.62182617,2265.22740545809,156,"developing_"
103034798,"2021-05-28","Andricus quercuspetiolicola","38.8218883333","-75.2655683333","https://www.inaturalist.org/observations/103034798","Gall","","bisexual","developing","54779",2326.40063477,2314.87573134978,148,"developing_"
104592609,"2021-05-10","Andricus quercuspetiolicola","39.4657112","-76.9999868997","https://www.inaturalist.org/observations/104592609","Gall","","bisexual","developing","",1489.28320312,1484.23206697305,130,"developing_"
110007491,"2017-05-05","Andricus quercuspetiolicola","38.9226","-78.4258","https://www.inaturalist.org/observations/110007491","Gall","","bisexual","developing","54779",1982.97790527,1972.70491863911,125,"developing_"
110365044,"2022-04-02","Andricus quercuspetiolicola","30.4580498333","-91.1823845556","https://www.inaturalist.org/observations/110365044","Gall","","bisexual","developing","54779",2117.46484375,1309.69320878156,92,"developing_"
110365138,"2022-04-02","Andricus quercuspetiolicola","30.4580179444","-91.1823485833","https://www.inaturalist.org/observations/110365138","Gall","","bisexual","developing","54779",2117.46484375,1309.68621028322,92,"developing_"
110603825,"2022-04-06","Andricus quercuspetiolicola","34.0218379639","-84.019290303","https://www.inaturalist.org/observations/110603825","Gall","","bisexual","developing","54779",1562.02111816,1311.10078014854,96,"developing_"
110811638,"2022-04-08","Andricus quercuspetiolicola","33.6011637","-84.3469689","https://www.inaturalist.org/observations/110811638","Gall","","bisexual","developing","",1738.57385254,1442.88116101485,98,"developing_"
110907561,"2022-04-09","Andricus quercuspetiolicola","36.1100429956","-79.9924709405","https://www.inaturalist.org/observations/110907561","Gall","","bisexual","developing","54779",1337.70507812,1243.75283510451,99,"developing_"
110912772,"2022-04-09","Andricus quercuspetiolicola","33.8300366667","-80.823395","https://www.inaturalist.org/observations/110912772","Gall","","bisexual","developing","54779",2002.52563477,1731.79891966237,99,"developing_"
111889152,"2022-04-17","Andricus quercuspetiolicola","36.1928159053","-79.9637325784","https://www.inaturalist.org/observations/111889152","Gall","","bisexual","developing","54779",1540.66467285,1450.9747380603,107,"developing_"
112230516,"2022-04-20","Andricus quercuspetiolicola","33.9531886874","-83.2742727157","https://www.inaturalist.org/observations/112230516","Gall","","bisexual","developing","54779",2009.14086914,1751.24657965637,110,"developing_"
112376358,"2022-04-22","Andricus quercuspetiolicola","33.8688616667","-94.0944888333","https://www.inaturalist.org/observations/112376358","Gall","","bisexual","developing","",1964.82470703,1698.18843460795,112,"developing_"
112420827,"2022-04-22","Andricus quercuspetiolicola","30.3923194444","-90.1148527778","https://www.inaturalist.org/observations/112420827","Gall","","bisexual","developing","54779",2667.8684082,1845.58525102943,112,"developing_"
112421076,"2022-04-22","Andricus quercuspetiolicola","30.3923194444","-90.1148527778","https://www.inaturalist.org/observations/112421076","Gall","","bisexual","developing","54779",2667.8684082,1845.58525102943,112,"developing_"
112445262,"2022-04-22","Andricus quercuspetiolicola","35.9214533333","-78.9308166667","https://www.inaturalist.org/observations/112445262","Gall","","bisexual","developing","",1838.86999512,1734.70675952766,112,"developing_"
112463640,"2022-04-22","Andricus quercuspetiolicola","38.8578005584","-77.3285219745","https://www.inaturalist.org/observations/112463640","Gall","","bisexual","developing","54779",1252.34924316,1241.28178115489,112,"developing_"
112463651,"2022-04-22","Andricus quercuspetiolicola","38.8578005584","-77.3285219745","https://www.inaturalist.org/observations/112463651","Gall","","bisexual","developing","54779",1252.34924316,1241.28178115489,112,"developing_"
112854785,"2022-04-24","Andricus quercuspetiolicola","33.916245","-94.8484333333","https://www.inaturalist.org/observations/112854785","Gall","","bisexual","developing","",1949.29016113,1687.58991370989,114,"developing_"
112906487,"2022-04-24","Andricus quercuspetiolicola","38.7551","-77.1126416667","https://www.inaturalist.org/observations/112906487","Gall","","bisexual","developing","54779",1470.53552246,1458.12669254009,114,"developing_"
112906565,"2022-04-24","Andricus quercuspetiolicola","38.7551","-77.1126333333","https://www.inaturalist.org/observations/112906565","Gall","","bisexual","developing","54779",1470.53552246,1458.12669254009,114,"developing_"
112930498,"2022-04-26","Andricus quercuspetiolicola","35.6985985","-78.4352222","https://www.inaturalist.org/observations/112930498","Gall","","bisexual","developing","",2103.27197266,1986.11988852408,116,"developing_"
113035625,"2022-04-25","Andricus quercuspetiolicola","36.2317966667","-80.3021","https://www.inaturalist.org/observations/113035625","Gall","","bisexual","developing","",1671.82141113,1584.09328827283,115,"developing_"
113768129,"2022-04-29","Andricus quercuspetiolicola","35.7084548101","-79.2003370263","https://www.inaturalist.org/observations/113768129","Gall","","bisexual","developing","",2073.44555664,1956.88956637279,119,"developing_"
113886431,"2022-04-30","Andricus quercuspetiolicola","38.8578297993","-77.3283664071","https://www.inaturalist.org/observations/113886431","Gall","","bisexual","developing","54779",1456.63122559,1445.5641310276,120,"developing_"
113921022,"2022-04-30","Andricus quercuspetiolicola","35.7081694063","-79.2003864796","https://www.inaturalist.org/observations/113921022","Gall","","bisexual","developing","54779",2101.75952148,1985.18629894017,120,"developing_"
114000043,"2022-04-30","Andricus quercuspetiolicola","32.4707679191","-95.2993389673","https://www.inaturalist.org/observations/114000043","Gall","","bisexual","developing","",2517.54174805,2075.86585253147,120,"developing_"
114002353,"2022-04-30","Andricus quercuspetiolicola","34.092678014","-85.4943346669","https://www.inaturalist.org/observations/114002353","Gall","","bisexual","developing","",2218.92138672,1975.06455886353,120,"developing_"
114026090,"2022-04-30","Andricus quercuspetiolicola","36.2505993","-79.7564821","https://www.inaturalist.org/observations/114026090","Gall","Pupa","bisexual","developing","",1895.77709961,1808.98495398731,120,"developing_Pupa"
114321029,"2022-05-01","Andricus quercuspetiolicola","35.9255189","-78.9663981","https://www.inaturalist.org/observations/114321029","Gall","","bisexual","developing","",2123.34204102,2019.40637761845,121,"developing_"
114883578,"2022-05-02","Andricus quercuspetiolicola","35.820018007","-81.1879982083","https://www.inaturalist.org/observations/114883578","Gall","","bisexual","developing","54779",1950.65869141,1840.70947791495,122,"developing_"
114937811,"2022-05-01","Andricus quercuspetiolicola","35.8062962","-81.3130572","https://www.inaturalist.org/observations/114937811","Gall","","bisexual","developing","",1866.0045166,1755.25652438986,121,"developing_"
115155284,"2022-05-03","Andricus quercuspetiolicola","38.97394299","-77.00651723","https://www.inaturalist.org/observations/115155284","Gall","","bisexual","developing","",1544.24621582,1534.57500848741,123,"developing_"
115233583,"2022-04-30","Andricus quercuspetiolicola","35.7277560018","-78.2084137201","https://www.inaturalist.org/observations/115233583","Gall","","bisexual","developing","",2201.20141602,2085.80686734042,120,"developing_"
115419657,"2022-05-02","Andricus quercuspetiolicola","35.9127","-79.0422583333","https://www.inaturalist.org/observations/115419657","Gall","","bisexual","developing","54779",2150.79174805,2046.13741307583,122,"developing_"
115746348,"2022-05-06","Andricus quercuspetiolicola","35.464795","-80.7804416667","https://www.inaturalist.org/observations/115746348","Gall","","bisexual","developing","54779",2351.14038086,2219.24568524645,126,"developing_"
115771594,"2022-04-30","Andricus quercuspetiolicola","38.5919991568","-77.2491464641","https://www.inaturalist.org/observations/115771594","Gall","","bisexual","developing","",1449.28747559,1434.53262436791,120,"developing_"
115771597,"2022-04-30","Andricus quercuspetiolicola","38.5920326997","-77.2479019191","https://www.inaturalist.org/observations/115771597","Gall","","bisexual","developing","",1449.28747559,1434.53313494011,120,"developing_"
115813941,"2022-05-06","Andricus quercuspetiolicola","34.9219866667","-82.43528","https://www.inaturalist.org/observations/115813941","Gall","","bisexual","developing","54779",2372.07446289,2201.29505687728,126,"developing_"
115914569,"2022-05-01","Andricus quercuspetiolicola","35.8038392875","-78.9161178092","https://www.inaturalist.org/observations/115914569","Gall","Larva","bisexual","developing","54779",2194.703125,2083.81170301181,121,"developing_Larva"
115986083,"2022-05-07","Andricus quercuspetiolicola","39.1414416667","-84.5156566667","https://www.inaturalist.org/observations/115986083","Gall","","bisexual","developing","54779",1426.39990234,1418.52779302508,127,"developing_"
116019532,"2022-05-02","Andricus quercuspetiolicola","38.951725","-77.006005555","https://www.inaturalist.org/observations/116019532","Gall","","bisexual","developing","128686",1535.29089355,1525.36224515746,122,"developing_"
116019533,"2022-05-02","Andricus quercuspetiolicola","38.9516861117","-77.0059361117","https://www.inaturalist.org/observations/116019533","Gall","","bisexual","developing","128686",1535.29089355,1525.36179059802,122,"developing_"
116021196,"2022-05-02","Andricus quercuspetiolicola","38.9492222217","-77.0055777783","https://www.inaturalist.org/observations/116021196","Gall","","bisexual","developing","128686",1535.29089355,1525.33296226693,122,"developing_"
116032418,"2022-05-02","Andricus quercuspetiolicola","38.7920633333","-77.0396805","https://www.inaturalist.org/observations/116032418","Gall","","bisexual","developing","54779",1672.99963379,1661.0853824149,122,"developing_"
116032494,"2022-05-02","Andricus quercuspetiolicola","38.7920533333","-77.0396945","https://www.inaturalist.org/observations/116032494","Gall","","bisexual","developing","54779",1672.99963379,1661.08525042184,122,"developing_"
116110517,"2022-05-08","Andricus quercuspetiolicola","38.2204699722","-77.432049","https://www.inaturalist.org/observations/116110517","Gall","","bisexual","developing","54779",1819.85290527,1798.68947383407,128,"developing_"
116293915,"2022-05-09","Andricus quercuspetiolicola","39.1311829782","-84.2544821302","https://www.inaturalist.org/observations/116293915","Gall","","bisexual","developing","",1467.26916504,1459.29388767745,129,"developing_"
116325757,"2022-05-07","Andricus quercuspetiolicola","39.1099445","-77.1691966667","https://www.inaturalist.org/observations/116325757","Gall","","bisexual","developing","82754",1559.94165039,1551.74992833796,127,"developing_"
116611737,"2022-05-11","Andricus quercuspetiolicola","40.6493970771","-73.985664864","https://www.inaturalist.org/observations/116611737","Gall","","bisexual","developing","54780",1576.46594238,1576.09668272246,131,"developing_"
116612451,"2022-05-11","Andricus quercuspetiolicola","37.77463","-76.44818","https://www.inaturalist.org/observations/116612451","Gall","","bisexual","developing","54779",1995.35266113,1964.33139717081,131,"developing_"
116715753,"2022-05-12","Andricus quercuspetiolicola","40.7322683067","-73.7614026289","https://www.inaturalist.org/observations/116715753","Gall","","bisexual","developing","54780",1482.51501465,1482.24350850801,132,"developing_"
116770472,"2022-05-12","Andricus quercuspetiolicola","41.0131861167","-81.5863883333","https://www.inaturalist.org/observations/116770472","Gall","","bisexual","developing","54779",1171.76318359,1171.69396223184,132,"developing_"
117177623,"2022-05-15","Andricus quercuspetiolicola","40.3807616667","-82.39598","https://www.inaturalist.org/observations/117177623","Gall","","bisexual","developing","54779",1341.11584473,1340.27460654319,135,"developing_"
117187698,"2022-05-15","Andricus quercuspetiolicola","40.3739","-82.4729466667","https://www.inaturalist.org/observations/117187698","Gall","","bisexual","developing","54780",1352.77124023,1351.91443496645,135,"developing_"
117192532,"2022-05-15","Andricus quercuspetiolicola","40.7308512926","-77.8829150834","https://www.inaturalist.org/observations/117192532","Gall","","bisexual","developing","128686",1251.26013184,1250.98711955243,135,"developing_"
117372772,"2022-05-16","Andricus quercuspetiolicola","39.22545801","-77.8097534","https://www.inaturalist.org/observations/117372772","Gall","","bisexual","developing","54779",1765.52905273,1758.46859062445,136,"developing_"
117395441,"2022-05-16","Andricus quercuspetiolicola","35.8433233147","-80.1934898416","https://www.inaturalist.org/observations/117395441","Gall","","bisexual","developing","",2495.41113281,2386.80975859619,136,"developing_"
117404766,"2022-05-16","Andricus quercuspetiolicola","42.1904596997","-88.0134077","https://www.inaturalist.org/observations/117404766","Gall","","bisexual","developing","54779",1083.44616699,1083.64366660597,136,"developing_"
117590134,"2022-05-17","Andricus quercuspetiolicola","38.9381466667","-77.2603383333","https://www.inaturalist.org/observations/117590134","Gall","","bisexual","developing","128686",1960.11767578,1950.02946753921,137,"developing_"
117784190,"2022-05-19","Andricus quercuspetiolicola","39.9625746474","-74.6559581899","https://www.inaturalist.org/observations/117784190","Gall","","bisexual","developing","54779",1771.09082031,1768.91043440597,139,"developing_"
118021963,"2022-05-20","Andricus quercuspetiolicola","36.6583055018","-94.071993673","https://www.inaturalist.org/observations/118021963","Gall","","bisexual","developing","",2346.19995117,2278.10053340544,140,"developing_"
118040507,"2022-05-21","Andricus quercuspetiolicola","41.2320122403","-81.4357597568","https://www.inaturalist.org/observations/118040507","Gall","","bisexual","developing","",1420.52307129,1420.51152357319,141,"developing_"
118092798,"2022-05-21","Andricus quercuspetiolicola","42.6017549482","-88.10013685","https://www.inaturalist.org/observations/118092798","Gall","","bisexual","developing","",1119.86914062,1120.67156899851,141,"developing_"
118213331,"2022-05-22","Andricus quercuspetiolicola","40.8681616667","-82.3236783333","https://www.inaturalist.org/observations/118213331","Gall","","bisexual","developing","54779",1480.47216797,1480.32082259188,142,"developing_"
118281778,"2022-05-22","Andricus quercuspetiolicola","40.83532","-83.2713616667","https://www.inaturalist.org/observations/118281778","Gall","","bisexual","developing","54780",1586.76220703,1586.58601385405,142,"developing_"
118411941,"2022-05-22","Andricus quercuspetiolicola","40.7615223","-77.75106492","https://www.inaturalist.org/observations/118411941","Gall","","bisexual","developing","128686",1425.70666504,1425.46502805601,142,"developing_"
118432493,"2022-05-22","Andricus quercuspetiolicola","42.4417","-71.0751888333","https://www.inaturalist.org/observations/118432493","Gall","","bisexual","developing","54779",1525.72351074,1526.22456984883,142,"developing_"
118570258,"2022-05-24","Andricus quercuspetiolicola","40.2748767032","-88.3521291289","https://www.inaturalist.org/observations/118570258","Gall","","bisexual","developing","",1638.07995605,1636.97666360141,144,"developing_"
118705535,"2022-05-25","Andricus quercuspetiolicola","40.785337477","-73.9351215028","https://www.inaturalist.org/observations/118705535","Gall","","bisexual","developing","",1989.86315918,1989.64415405647,145,"developing_"
118705547,"2022-05-25","Andricus quercuspetiolicola","40.785337477","-73.9351215028","https://www.inaturalist.org/observations/118705547","Gall","","bisexual","developing","",1989.86315918,1989.64415405647,145,"developing_"
118705570,"2022-05-25","Andricus quercuspetiolicola","40.785538","-73.934964","https://www.inaturalist.org/observations/118705570","Gall","","bisexual","developing","",1989.86315918,1989.64433835287,145,"developing_"
118718842,"2022-05-25","Andricus quercuspetiolicola","39.1246070862","-76.885307312","https://www.inaturalist.org/observations/118718842","Gall","","bisexual","developing","54779",2140.71166992,2132.66978933206,145,"developing_"
118722068,"2022-05-25","Andricus quercuspetiolicola","33.9900466667","-83.4942383333","https://www.inaturalist.org/observations/118722068","Gall","","bisexual","developing","54779",3339.76342773,3085.62931471235,145,"developing_"
118797084,"2022-05-26","Andricus quercuspetiolicola","39.1408361667","-84.4501116667","https://www.inaturalist.org/observations/118797084","Gall","","bisexual","developing","unknown",2115.55639648,2107.67822271555,146,"developing_"
119111357,"2022-05-28","Andricus quercuspetiolicola","38.3315783333","-84.35492","https://www.inaturalist.org/observations/119111357","Gall","","bisexual","developing","54781",2222.12597656,2203.04150347223,148,"developing_"
119119129,"2022-05-28","Andricus quercuspetiolicola","39.50603","-75.1361471667","https://www.inaturalist.org/observations/119119129","Gall","","bisexual","developing","",2137.65185547,2132.89514070231,148,"developing_"
119317128,"2022-05-29","Andricus quercuspetiolicola","38.0210611667","-84.9030833333","https://www.inaturalist.org/observations/119317128","Gall","","bisexual","developing","",2338.71142578,2313.44803560275,149,"developing_"
119349925,"2022-05-29","Andricus quercuspetiolicola","38.99568","-83.52398","https://www.inaturalist.org/observations/119349925","Gall","","bisexual","developing","54779",2165.35400391,2155.93031988083,149,"developing_"
119476599,"2022-05-30","Andricus quercuspetiolicola","40.9098033333","-80.8542716667","https://www.inaturalist.org/observations/119476599","Gall","","bisexual","developing","",1706.6237793,1706.5004286315,150,"developing_"
119501204,"2022-05-30","Andricus quercuspetiolicola","35.96768","-81.1111305","https://www.inaturalist.org/observations/119501204","Gall","","bisexual","perimature","128686",2833.81079102,2732.2156053977,150,"perimature_"
119536981,"2022-05-30","Andricus quercuspetiolicola","35.7210633","-78.6863034","https://www.inaturalist.org/observations/119536981","Gall","","bisexual","developing","",3329.29638672,3213.49998543098,150,"developing_"
119942616,"2022-06-02","Andricus quercuspetiolicola","41.15621613","-75.29027161","https://www.inaturalist.org/observations/119942616","Gall","","bisexual","developing","128686",1579.74182129,1579.71744274741,153,"developing_"
120025806,"2022-06-02","Andricus quercuspetiolicola","42.4660616667","-71.0813971667","https://www.inaturalist.org/observations/120025806","Gall","","bisexual","developing","",1881.84484863,1882.38580943458,153,"developing_"
120071403,"2022-06-03","Andricus quercuspetiolicola","33.9953383333","-83.499555","https://www.inaturalist.org/observations/120071403","Gall","","bisexual","developing","54779",3718.5012207,3464.9039335155,154,"developing_"
120102706,"2022-06-03","Andricus quercuspetiolicola","41.3965444444","-87.7537388889","https://www.inaturalist.org/observations/120102706","Gall","","bisexual","developing","54779",1727.44116211,1727.44049773589,154,"developing_"
120225494,"2022-06-04","Andricus quercuspetiolicola","43.0278676423","-89.4465166983","https://www.inaturalist.org/observations/120225494","Gall","","bisexual","developing","54779",1512.4309082,1514.57088197143,155,"developing_"
120248318,"2022-06-04","Andricus quercuspetiolicola","44.8330462997","-93.4597998997","https://www.inaturalist.org/observations/120248318","Gall","","bisexual","developing","54781",1286.86413574,1309.08061778387,155,"developing_"
120487829,"2022-06-05","Andricus quercuspetiolicola","36.23145","-80.3037633333","https://www.inaturalist.org/observations/120487829","Gall","","bisexual","developing","",3110.73217773,3022.98673525651,156,"developing_"
120586229,"2022-06-06","Andricus quercuspetiolicola","41.8777186382","-87.6729647062","https://www.inaturalist.org/observations/120586229","Gall","","bisexual","developing","",1865.81591797,1865.84825175127,157,"developing_"
120819236,"2022-06-08","Andricus quercuspetiolicola","40.780576095","-77.7935384308","https://www.inaturalist.org/observations/120819236","Gall","","bisexual","developing","54780",2098.20483398,2097.98142231576,159,"developing_"
120841629,"2022-06-08","Andricus quercuspetiolicola","40.7970845467","-77.8603945021","https://www.inaturalist.org/observations/120841629","Gall","","bisexual","developing","54781",2031.36193848,2031.15355632549,159,"developing_"
120890740,"2022-06-08","Andricus quercuspetiolicola","33.5438918889","-86.4545440556","https://www.inaturalist.org/observations/120890740","Gall","","bisexual","developing","",3910.54370117,3608.37235593594,159,"developing_"
120975525,"2022-06-09","Andricus quercuspetiolicola","40.8088527806","-77.8627996054","https://www.inaturalist.org/observations/120975525","Gall","","bisexual","developing","54781",2068.25292969,2068.0548395104,160,"developing_"
121106568,"2022-06-10","Andricus quercuspetiolicola","40.790758431","-77.8550796211","https://www.inaturalist.org/observations/121106568","Gall","","bisexual","developing","54781",2095.78393555,2095.56987640025,161,"developing_"
121173050,"2022-06-10","Andricus quercuspetiolicola","37.9302910635","-87.5441275527","https://www.inaturalist.org/observations/121173050","Gall","","bisexual","developing","",3003.33422852,2976.04132941098,161,"developing_"
121360776,"2022-06-11","Andricus quercuspetiolicola","42.4257611111","-88.3265","https://www.inaturalist.org/observations/121360776","Gall","","bisexual","developing","54779",1800.32287598,1800.79892102602,162,"developing_"
121762686,"2022-06-14","Andricus quercuspetiolicola","44.1488305","-69.568445","https://www.inaturalist.org/observations/121762686","Gall","","bisexual","developing","54779",1777.7779541,1788.92895255836,165,"developing_"
122019227,"2022-06-16","Andricus quercuspetiolicola","40.7754630189","-77.8636970807","https://www.inaturalist.org/observations/122019227","Gall","","bisexual","developing","54779",2320.171875,2319.94366591904,167,"developing_"
122039530,"2022-06-16","Andricus quercuspetiolicola","40.795604554","-77.8707879782","https://www.inaturalist.org/observations/122039530","Gall","","bisexual","developing","54781",2301.12719727,2300.91749609254,167,"developing_"
122049891,"2022-06-16","Andricus quercuspetiolicola","40.7807600778","-77.7938913089","https://www.inaturalist.org/observations/122049891","Gall","","bisexual","developing","54780",2391.00146484,2390.77822453534,167,"developing_"
