"id","observed_on","taxon.name","Latitude","Longitude","uri","Evidence_of_Presence","Life_Stage","Gall_generation","Gall_phenophase","agdd","phenogen"
3821645,"2016-08-07","Neuroterus quercusverrucarum","42.8834704","-75.6358137","http://www.inaturalist.org/observations/3821645","Gall","","unisexual","developing",3667.97607422,"developing_"
7117763,"2017-07-18","Neuroterus quercusverrucarum","41.9746383333","-87.7314083333","https://www.inaturalist.org/observations/7117763","Gall","","unisexual","developing",3763.06030273,"developing_"
7191166,"2017-07-22","Neuroterus quercusverrucarum","30.1429416667","-97.4596722222","https://www.inaturalist.org/observations/7191166","Gall","","unisexual","developing",7671.10302734,"developing_"
7233494,"2017-07-27","Neuroterus quercusverrucarum","40.785352","-73.935075","https://www.inaturalist.org/observations/7233494","Gall","","unisexual","developing",4635.69091797,"developing_"
9534167,"2018-01-18","Neuroterus quercusverrucarum","26.9940133333","-82.185425","https://www.inaturalist.org/observations/9534167","Gall","","unisexual","dormant",436.355773926,"dormant_"
13059788,"2018-05-28","Neuroterus quercusverrucarum","32.9935213","-97.1869318","https://www.inaturalist.org/observations/13059788","Gall","","unisexual","developing",3675.55322266,"developing_"
13273862,"2017-08-22","Neuroterus quercusverrucarum","46.8615095954","-113.9876440543","https://www.inaturalist.org/observations/13273862","Gall","","unisexual","developing",4624.00830078,"developing_"
14482676,"2018-07-18","Neuroterus quercusverrucarum","41.6934557049","-91.5480232243","https://www.inaturalist.org/observations/14482676","Gall","","unisexual","developing",3788.91699219,"developing_"
15364608,"2018-08-12","Neuroterus quercusverrucarum","42.00267104","-87.77985402","https://www.inaturalist.org/observations/15364608","Gall","","unisexual","developing",4466.14941406,"developing_"
15533766,"2018-08-15","Neuroterus quercusverrucarum","32.6913091365","-97.1915628604","https://www.inaturalist.org/observations/15533766","Gall","","unisexual","developing",8076.75830078,"developing_"
15572989,"2018-08-17","Neuroterus quercusverrucarum","40.7961825219","-73.918351396","https://www.inaturalist.org/observations/15572989","Gall","","unisexual","developing",5493.59960938,"developing_"
15918646,"2018-08-26","Neuroterus quercusverrucarum","40.7903519925","-73.9253682364","https://www.inaturalist.org/observations/15918646","Gall","","unisexual","developing",5874.77685547,"developing_"
16174558,"2018-09-03","Neuroterus quercusverrucarum","40.7903303672","-73.925353149","https://www.inaturalist.org/observations/16174558","Gall","","unisexual","developing",6258.203125,"developing_"
16287261,"2018-09-07","Neuroterus quercusverrucarum","43.0325971667","-76.1401888333","https://www.inaturalist.org/observations/16287261","Gall","","unisexual","developing",5582.51074219,"developing_"
16327343,"2018-09-08","Neuroterus quercusverrucarum","40.7903364441","-73.9253344574","https://www.inaturalist.org/observations/16327343","Gall","","unisexual","developing",6506.09033203,"developing_"
16555181,"2018-09-15","Neuroterus quercusverrucarum","40.7904584846","-73.9254690707","https://www.inaturalist.org/observations/16555181","Gall","","unisexual","developing",6749.57666016,"developing_"
17570524,"2018-10-16","Neuroterus quercusverrucarum","40.790230874","-73.9254468587","https://www.inaturalist.org/observations/17570524","Gall","","unisexual","developing",7828.70214844,"developing_"
18173625,"2018-11-01","Neuroterus quercusverrucarum","30.265900888","-97.7697763508","https://www.inaturalist.org/observations/18173625","Gall","","unisexual","developing",12256.1318359,"developing_"
18219500,"2018-11-07","Neuroterus quercusverrucarum","40.7876761957","-73.9257338551","https://www.inaturalist.org/observations/18219500","Gall","","unisexual","dormant",8238.90429688,"dormant_"
18276420,"2018-10-16","Neuroterus quercusverrucarum","32.9602966667","-97.2285266667","https://www.inaturalist.org/observations/18276420","Gall","","unisexual","developing",10755.1064453,"developing_"
19299772,"2018-12-29","Neuroterus quercusverrucarum","40.8004688239","-73.921349533","https://www.inaturalist.org/observations/19299772","Gall","","unisexual","dormant",8637.78320312,"dormant_"
20084129,"2019-02-04","Neuroterus quercusverrucarum","40.7957014488","-73.9145743568","https://www.inaturalist.org/observations/20084129","Gall","","unisexual","dormant",108.332824707,"dormant_"
20368302,"2019-02-15","Neuroterus quercusverrucarum","39.15393","-84.4999","https://www.inaturalist.org/observations/20368302","Gall","","unisexual","dormant",248.471817017,"dormant_"
25743549,"2019-05-24","Neuroterus quercusverrucarum","32.9836111111","-97.0625","https://www.inaturalist.org/observations/25743549","Gall","","unisexual","developing",3441.83203125,"developing_"
26934728,"2019-06-10","Neuroterus quercusverrucarum","32.6361866667","-97.1654016667","https://www.inaturalist.org/observations/26934728","Gall","","unisexual","developing",4200.04638672,"developing_"
27042797,"2019-06-15","Neuroterus quercusverrucarum","41.64489491","-87.08715535","https://www.inaturalist.org/observations/27042797","Gall","","unisexual","developing",1764.0345459,"developing_"
27240599,"2019-06-17","Neuroterus quercusverrucarum","32.58881","-97.100489","https://www.inaturalist.org/observations/27240599","Gall","","unisexual","developing",4518.26757812,"developing_"
27469590,"2019-06-22","Neuroterus quercusverrucarum","30.2104637579","-97.2586245462","https://www.inaturalist.org/observations/27469590","Gall","","unisexual","developing",5467.99462891,"developing_"
28413068,"2019-07-07","Neuroterus quercusverrucarum","40.7295601001","-73.9601146","https://www.inaturalist.org/observations/28413068","Gall","","unisexual","developing",3606.9375,"developing_"
28669174,"2019-07-12","Neuroterus quercusverrucarum","30.1968461545","-97.7751840919","https://www.inaturalist.org/observations/28669174","Gall","","unisexual","developing",6600.7421875,"developing_"
28725403,"2019-07-12","Neuroterus quercusverrucarum","38.642477","-90.274237","https://www.inaturalist.org/observations/28725403","Gall","","unisexual","developing",4305.51708984,"developing_"
28978694,"2019-07-14","Neuroterus quercusverrucarum","32.6918083333","-97.1911933333","https://www.inaturalist.org/observations/28978694","Gall","","unisexual","developing",5912.81005859,"developing_"
29111032,"2019-07-18","Neuroterus quercusverrucarum","42.4813678","-83.1912878","https://www.inaturalist.org/observations/29111032","Gall","","unisexual","developing",3337.30639648,"developing_"
29137221,"2019-07-12","Neuroterus quercusverrucarum","40.6017156364","-74.532916256","https://www.inaturalist.org/observations/29137221","Gall","Larva","unisexual","developing",3681.25927734,"developing_Larva"
29148310,"2019-07-19","Neuroterus quercusverrucarum","40.7830783333","-81.918305","https://www.inaturalist.org/observations/29148310","Gall","","unisexual","developing",3707.5847168,"developing_"
29180846,"2019-07-20","Neuroterus quercusverrucarum","30.7001779604","-85.9275816008","https://www.inaturalist.org/observations/29180846","Gall","","unisexual","developing",7102.51855469,"developing_"
29342176,"2019-07-22","Neuroterus quercusverrucarum","32.9646911621","-97.0935592651","https://www.inaturalist.org/observations/29342176","Gall","","unisexual","developing",5757.19775391,"developing_"
29454579,"2019-07-24","Neuroterus quercusverrucarum","42.4558033333","-96.3716883333","https://www.inaturalist.org/observations/29454579","Gall","","unisexual","developing",3573.30395508,"developing_"
29473198,"2019-07-24","Neuroterus quercusverrucarum","42.4250148275","-83.9353377759","https://www.inaturalist.org/observations/29473198","Gall","","unisexual","developing",3352.00366211,"developing_"
29646496,"2019-07-26","Neuroterus quercusverrucarum","32.9056663513","-97.1161499023","https://www.inaturalist.org/observations/29646496","Gall","","unisexual","developing",6551.79736328,"developing_"
29666704,"2019-07-27","Neuroterus quercusverrucarum","40.7331703138","-73.9739643317","https://www.inaturalist.org/observations/29666704","Gall","","unisexual","developing",4567.25585938,"developing_"
30183567,"2019-08-04","Neuroterus quercusverrucarum","40.7927583333","-73.955475","https://www.inaturalist.org/observations/30183567","Gall","","unisexual","developing",4949.61083984,"developing_"
30207887,"2019-08-04","Neuroterus quercusverrucarum","41.97423","-87.6817633333","https://www.inaturalist.org/observations/30207887","Gall","","unisexual","developing",3792.42724609,"developing_"
30222209,"2019-08-04","Neuroterus quercusverrucarum","41.9745861111","-87.7287055556","https://www.inaturalist.org/observations/30222209","Gall","","unisexual","developing",3974.7668457,"developing_"
30224197,"2019-08-04","Neuroterus quercusverrucarum","41.9752","-87.7307444444","https://www.inaturalist.org/observations/30224197","Gall","","unisexual","developing",4001.95532227,"developing_"
30349190,"2019-08-06","Neuroterus quercusverrucarum","40.7011375427","-73.9965820313","https://www.inaturalist.org/observations/30349190","Gall","","unisexual","developing",5084.36865234,"developing_"
30544814,"2019-08-10","Neuroterus quercusverrucarum","40.68434148","-77.80230314","https://www.inaturalist.org/observations/30544814","Gall","","unisexual","developing",4676.20166016,"developing_"
30639561,"2019-08-09","Neuroterus quercusverrucarum","43.3406718853","-88.1339935586","https://www.inaturalist.org/observations/30639561","Gall","","unisexual","developing",3767.01953125,"developing_"
30683234,"2019-08-12","Neuroterus quercusverrucarum","40.7994437591","-77.867795555","https://www.inaturalist.org/observations/30683234","Gall","","unisexual","developing",4575.37207031,"developing_"
30807523,"2019-08-14","Neuroterus quercusverrucarum","42.4564133333","-82.8754583333","https://www.inaturalist.org/observations/30807523","Gall","","unisexual","developing",NA,"developing_"
30904898,"2019-08-15","Neuroterus quercusverrucarum","38.626564556","-90.3793941066","https://www.inaturalist.org/observations/30904898","Gall","","unisexual","developing",5896.15039062,"developing_"
30941102,"2019-08-16","Neuroterus quercusverrucarum","40.7834916667","-81.91987","https://www.inaturalist.org/observations/30941102","Gall","","unisexual","developing",4846.52587891,"developing_"
30961330,"2019-08-14","Neuroterus quercusverrucarum","34.5867540958","-92.2536017573","https://www.inaturalist.org/observations/30961330","Gall","","unisexual","developing",6904.50097656,"developing_"
31101721,"2019-08-15","Neuroterus quercusverrucarum","44.4629121","-88.0149057","https://www.inaturalist.org/observations/31101721","Gall","","unisexual","developing",3885.46923828,"developing_"
31168842,"2019-08-18","Neuroterus quercusverrucarum","39.7157928","-79.3414403","https://www.inaturalist.org/observations/31168842","Gall","","unisexual","developing",4813.63818359,"developing_"
32155679,"2019-09-05","Neuroterus quercusverrucarum","43.0349457714","-76.1367340706","https://www.inaturalist.org/observations/32155679","Gall","","unisexual","developing",5050.31298828,"developing_"
32543375,"2019-09-08","Neuroterus quercusverrucarum","41.0990088092","-77.2328945783","https://www.inaturalist.org/observations/32543375","Gall","","unisexual","developing",5250.83203125,"developing_"
32679626,"2019-09-02","Neuroterus quercusverrucarum","32.8857733333","-97.2217633333","https://www.inaturalist.org/observations/32679626","Gall","","unisexual","developing",8566.56640625,"developing_"
32777001,"2019-09-13","Neuroterus quercusverrucarum","31.0614805556","-97.4655916667","https://www.inaturalist.org/observations/32777001","Gall","","unisexual","developing",9614.86914062,"developing_"
32974015,"2019-09-18","Neuroterus quercusverrucarum","40.8840133333","-78.0226221667","https://www.inaturalist.org/observations/32974015","Gall","","unisexual","developing",5280.40478516,"developing_"
33082501,"2019-09-19","Neuroterus quercusverrucarum","40.7226730432","-73.8285098608","https://www.inaturalist.org/observations/33082501","Gall","","unisexual","developing",6700.80175781,"developing_"
33275553,"2019-09-23","Neuroterus quercusverrucarum","40.8078994751","-77.8631515503","https://www.inaturalist.org/observations/33275553","Gall","","unisexual","developing",6063.34228516,"developing_"
33276773,"2019-09-23","Neuroterus quercusverrucarum","32.9012249736","-96.8359616307","https://www.inaturalist.org/observations/33276773","Gall","","unisexual","dormant",9866.32910156,"dormant_"
33495718,"2019-09-27","Neuroterus quercusverrucarum","40.7899627686","-77.9502716064","https://www.inaturalist.org/observations/33495718","Gall","Adult","unisexual","developing",6019.05371094,"developing_Adult"
33496137,"2019-09-27","Neuroterus quercusverrucarum","40.7791862488","-77.9513244629","https://www.inaturalist.org/observations/33496137","Gall","","unisexual","developing",6019.05371094,"developing_"
33496506,"2019-09-27","Neuroterus quercusverrucarum","40.7799224854","-77.9517211914","https://www.inaturalist.org/observations/33496506","Gall","","unisexual","developing",6019.05371094,"developing_"
33515990,"2019-09-27","Neuroterus quercusverrucarum","42.3873350305","-71.1462049931","https://www.inaturalist.org/observations/33515990","Gall","","unisexual","dormant",6201.96875,"dormant_"
33550863,"2019-09-28","Neuroterus quercusverrucarum","41.1851997375","-74.7959213257","https://www.inaturalist.org/observations/33550863","Gall","","unisexual","dormant",5965.68359375,"dormant_"
33558804,"2019-09-27","Neuroterus quercusverrucarum","40.77843","-89.635995","https://www.inaturalist.org/observations/33558804","Gall","","unisexual","developing",6651.98730469,"developing_"
33686390,"2019-09-30","Neuroterus quercusverrucarum","29.762899","-95.588127","https://www.inaturalist.org/observations/33686390","Gall","","unisexual","developing",11190.4462891,"developing_"
33927735,"2019-10-05","Neuroterus quercusverrucarum","39.61926651","-95.5265579224","https://www.inaturalist.org/observations/33927735","Gall","","unisexual","developing",7220.92089844,"developing_"
33958442,"2019-10-06","Neuroterus quercusverrucarum","40.7811288","-77.7862252","https://www.inaturalist.org/observations/33958442","Gall","","unisexual","developing",6587.62695312,"developing_"
33985633,"2019-10-04","Neuroterus quercusverrucarum","32.9607009888","-97.2310333252","https://www.inaturalist.org/observations/33985633","Gall","","unisexual","developing",10145.9160156,"developing_"
34124893,"2019-09-07","Neuroterus quercusverrucarum","42.4799118742","-83.1892279289","https://www.inaturalist.org/observations/34124893","Gall","","unisexual","developing",5420.03955078,"developing_"
34477895,"2019-10-16","Neuroterus quercusverrucarum","40.8008340007","-77.8646976873","https://www.inaturalist.org/observations/34477895","Gall","","unisexual","developing",6657.11669922,"developing_"
34582209,"2019-10-19","Neuroterus quercusverrucarum","29.9583143369","-97.1536351741","https://www.inaturalist.org/observations/34582209","Gall","","unisexual","developing",11681.5888672,"developing_"
34737142,"2019-10-19","Neuroterus quercusverrucarum","32.6915240956","-97.3227669185","https://www.inaturalist.org/observations/34737142","Gall","Larva","unisexual","dormant",10975.3251953,"dormant_Larva"
34831597,"2019-10-24","Neuroterus quercusverrucarum","43.0346817978","-76.1367514912","https://www.inaturalist.org/observations/34831597","Gall","","unisexual","developing",6311.52539062,"developing_"
35224669,"2019-11-02","Neuroterus quercusverrucarum","32.9060433333","-97.1176633333","https://www.inaturalist.org/observations/35224669","Gall","","unisexual","developing",11184.5166016,"developing_"
35401180,"2019-11-05","Neuroterus quercusverrucarum","31.3877773285","-94.2097244263","https://www.inaturalist.org/observations/35401180","Gall","","unisexual","developing",11319.3457031,"developing_"
35419954,"2019-11-07","Neuroterus quercusverrucarum","40.7323635661","-73.9741941286","https://www.inaturalist.org/observations/35419954","Gall","","unisexual","dormant",8243.75390625,"dormant_"
35502017,"2019-11-09","Neuroterus quercusverrucarum","32.7375532687","-97.3599268869","https://www.inaturalist.org/observations/35502017","Gall","","unisexual","dormant",11629.6513672,"dormant_"
35621255,"2019-10-04","Neuroterus quercusverrucarum","32.9607048035","-97.231010437","https://www.inaturalist.org/observations/35621255","Gall","","unisexual","developing",10145.9160156,"developing_"
36070705,"2019-11-21","Neuroterus quercusverrucarum","40.7226945665","-73.8289286569","https://www.inaturalist.org/observations/36070705","Gall","","unisexual","dormant",8173.72265625,"dormant_"
36106853,"2019-11-26","Neuroterus quercusverrucarum","30.2503320063","-97.8603335471","https://www.inaturalist.org/observations/36106853","Gall","","unisexual","dormant",12436.1855469,"dormant_"
36137845,"2019-11-27","Neuroterus quercusverrucarum","32.7862219094","-96.5849706531","https://www.inaturalist.org/observations/36137845","Gall","","unisexual","dormant",11634.8134766,"dormant_"
36137851,"2019-11-27","Neuroterus quercusverrucarum","32.7861837964","-96.5849324499","https://www.inaturalist.org/observations/36137851","Gall","","unisexual","dormant",11634.8134766,"dormant_"
36137852,"2019-11-27","Neuroterus quercusverrucarum","32.786091996","-96.5849017972","https://www.inaturalist.org/observations/36137852","Gall","","unisexual","dormant",11634.8134766,"dormant_"
36137866,"2019-11-27","Neuroterus quercusverrucarum","32.78616246","-96.58487703","https://www.inaturalist.org/observations/36137866","Gall","","unisexual","dormant",11634.8134766,"dormant_"
36180148,"2019-11-26","Neuroterus quercusverrucarum","33.582775","-101.88016333","https://www.inaturalist.org/observations/36180148","Gall","","unisexual","dormant",10261.9033203,"dormant_"
36620427,"2019-12-12","Neuroterus quercusverrucarum","30.35733","-97.7239916667","https://www.inaturalist.org/observations/36620427","Gall","","unisexual","dormant",12907.8427734,"dormant_"
36948164,"2019-12-25","Neuroterus quercusverrucarum","29.6799416667","-95.4633388889","https://www.inaturalist.org/observations/36948164","Gall","","unisexual","dormant",13995.1650391,"dormant_"
36986738,"2019-12-26","Neuroterus quercusverrucarum","40.4493255615","-75.8856506348","https://www.inaturalist.org/observations/36986738","Gall","","unisexual","dormant",7825.88183594,"dormant_"
36986758,"2019-12-26","Neuroterus quercusverrucarum","40.4493255615","-75.8856506348","https://www.inaturalist.org/observations/36986758","Gall","","unisexual","dormant",7825.88183594,"dormant_"
38835963,"2020-01-24","Neuroterus quercusverrucarum","40.7027014427","-73.9956510812","https://www.inaturalist.org/observations/38835963","Gall","","unisexual","dormant",182.735809326,"dormant_"
39410057,"2020-03-01","Neuroterus quercusverrucarum","32.9126240219","-96.6388833895","https://www.inaturalist.org/observations/39410057","Gall","","unisexual","dormant",1052.83728027,"dormant_"
45212633,"2020-05-07","Neuroterus quercusverrucarum","40.7836250542","-73.9315448609","https://www.inaturalist.org/observations/45212633","Gall","","unisexual","dormant",1559.59985352,"dormant_"
45798034,"2020-05-13","Neuroterus quercusverrucarum","30.1968438814","-97.7751275264","https://www.inaturalist.org/observations/45798034","Gall","","unisexual","developing",4006.39501953,"developing_"
46530575,"2020-05-19","Neuroterus quercusverrucarum","32.86773789","-96.64449928","https://www.inaturalist.org/observations/46530575","Gall","","unisexual","developing",3682.69946289,"developing_"
47188275,"2020-05-23","Neuroterus quercusverrucarum","33.3909931667","-97.5733518889","https://www.inaturalist.org/observations/47188275","Gall","","unisexual","developing",3567.61547852,"developing_"
47731774,"2020-05-29","Neuroterus quercusverrucarum","30.4511372","-97.6882703","https://www.inaturalist.org/observations/47731774","Gall","","unisexual","developing",4551.53320312,"developing_"
49260089,"2020-06-11","Neuroterus quercusverrucarum","30.349045","-90.91221667","https://www.inaturalist.org/observations/49260089","Gall","","unisexual","developing",5499.55566406,"developing_"
49480608,"2020-06-13","Neuroterus quercusverrucarum","32.6616466667","-97.2227116667","https://www.inaturalist.org/observations/49480608","Gall","","unisexual","developing",4828.02148438,"developing_"
49492948,"2020-06-13","Neuroterus quercusverrucarum","32.662735","-97.219815","https://www.inaturalist.org/observations/49492948","Gall","","unisexual","developing",4828.02148438,"developing_"
50304977,"2020-06-20","Neuroterus quercusverrucarum","32.7726633333","-97.37339","https://www.inaturalist.org/observations/50304977","Gall","","unisexual","developing",5285.625,"developing_"
50310007,"2020-06-20","Neuroterus quercusverrucarum","32.773818","-97.373845","https://www.inaturalist.org/observations/50310007","Gall","","unisexual","developing",5285.625,"developing_"
50588966,"2020-06-20","Neuroterus quercusverrucarum","32.772745","-97.3733733333","https://www.inaturalist.org/observations/50588966","Gall","","unisexual","developing",5285.625,"developing_"
50812745,"2020-06-23","Neuroterus quercusverrucarum","35.0947359722","-92.4638479722","https://www.inaturalist.org/observations/50812745","Gall","","unisexual","developing",4403.7421875,"developing_"
51147181,"2020-06-27","Neuroterus quercusverrucarum","32.6616744183","-97.2227612738","https://www.inaturalist.org/observations/51147181","Gall","","unisexual","developing",5499.66357422,"developing_"
51644495,"2020-06-30","Neuroterus quercusverrucarum","38.7954547","-77.3096469","https://www.inaturalist.org/observations/51644495","Gall","","unisexual","developing",3864.63330078,"developing_"
52214100,"2020-07-06","Neuroterus quercusverrucarum","32.7544718108","-96.8200912049","https://www.inaturalist.org/observations/52214100","Gall","","unisexual","developing",6083.42333984,"developing_"
52255044,"2020-07-05","Neuroterus quercusverrucarum","35.07356","-92.4941409722","https://www.inaturalist.org/observations/52255044","Gall","","unisexual","developing",5005.08789062,"developing_"
52889940,"2020-07-07","Neuroterus quercusverrucarum","32.9383234641","-97.1899260902","https://www.inaturalist.org/observations/52889940","Gall","","unisexual","developing",5846.81982422,"developing_"
52981605,"2020-07-13","Neuroterus quercusverrucarum","39.0902547471","-96.5888857754","https://www.inaturalist.org/observations/52981605","Gall","","unisexual","developing",4233.00439453,"developing_"
53419070,"2020-06-29","Neuroterus quercusverrucarum","38.596575283","-90.2413787945","https://www.inaturalist.org/observations/53419070","Gall","","unisexual","developing",3784.6328125,"developing_"
53554238,"2020-07-18","Neuroterus quercusverrucarum","32.8388319705","-98.0342401688","https://www.inaturalist.org/observations/53554238","Gall","","unisexual","developing",6330.02929688,"developing_"
53968626,"2020-06-11","Neuroterus quercusverrucarum","32.4897339988","-95.1671690494","https://www.inaturalist.org/observations/53968626","Gall","","unisexual","developing",4587.6328125,"developing_"
54079853,"2020-07-22","Neuroterus quercusverrucarum","41.9179396667","-91.4127113889","https://www.inaturalist.org/observations/54079853","Gall","","unisexual","developing",3752.41333008,"developing_"
54187203,"2020-07-24","Neuroterus quercusverrucarum","33.0453029393","-97.058868531","https://www.inaturalist.org/observations/54187203","Gall","","unisexual","developing",6863.14550781,"developing_"
54323518,"2020-07-25","Neuroterus quercusverrucarum","32.8189666667","-97.25359","https://www.inaturalist.org/observations/54323518","Gall","","unisexual","developing",7101.39501953,"developing_"
54530213,"2020-07-27","Neuroterus quercusverrucarum","30.2762333333","-97.70887","https://www.inaturalist.org/observations/54530213","Gall","","unisexual","developing",7599.21777344,"developing_"
54808217,"2020-07-29","Neuroterus quercusverrucarum","32.9965566667","-97.1894683333","https://www.inaturalist.org/observations/54808217","Gall","","unisexual","developing",7105.01953125,"developing_"
54851453,"2020-07-30","Neuroterus quercusverrucarum","40.7793599722","-77.951395","https://www.inaturalist.org/observations/54851453","Gall","","unisexual","developing",4030.87280273,"developing_"
54883315,"2020-07-29","Neuroterus quercusverrucarum","35.0736546567","-92.5381508441","https://www.inaturalist.org/observations/54883315","Gall","","unisexual","developing",6214.23779297,"developing_"
55341395,"2020-08-03","Neuroterus quercusverrucarum","44.8587423056","-93.2152215278","https://www.inaturalist.org/observations/55341395","Gall","","unisexual","developing",4058.80004883,"developing_"
55695710,"2020-08-03","Neuroterus quercusverrucarum","43.9793640236","-88.6981098913","https://www.inaturalist.org/observations/55695710","Gall","","unisexual","developing",3723.6940918,"developing_"
55814559,"2020-08-08","Neuroterus quercusverrucarum","41.1287333333","-82.214875","https://www.inaturalist.org/observations/55814559","Gall","","unisexual","developing",4504.42529297,"developing_"
55841503,"2020-08-08","Neuroterus quercusverrucarum","32.7395483333","-97.3571916667","https://www.inaturalist.org/observations/55841503","Gall","","unisexual","developing",7922.22021484,"developing_"
55999332,"2020-08-07","Neuroterus quercusverrucarum","32.6919283333","-97.1920033333","https://www.inaturalist.org/observations/55999332","Gall","","unisexual","developing",7638.73925781,"developing_"
56134985,"2020-08-11","Neuroterus quercusverrucarum","32.6908669097","-97.1920360252","https://www.inaturalist.org/observations/56134985","Gall","","unisexual","developing",7862.30810547,"developing_"
56276640,"2020-08-12","Neuroterus quercusverrucarum","41.976549103","-87.7389970148","https://www.inaturalist.org/observations/56276640","Gall","","unisexual","developing",4581.29492188,"developing_"
56348154,"2020-08-12","Neuroterus quercusverrucarum","41.97665833","-87.739045","https://www.inaturalist.org/observations/56348154","Gall","","unisexual","developing",4581.29492188,"developing_"
56365151,"2020-08-13","Neuroterus quercusverrucarum","41.9816736879","-87.737904452","https://www.inaturalist.org/observations/56365151","Gall","","unisexual","developing",4621.75878906,"developing_"
56374037,"2020-08-06","Neuroterus quercusverrucarum","36.0815777778","-76.4382027778","https://www.inaturalist.org/observations/56374037","Gall","","unisexual","developing",6834.25683594,"developing_"
56553012,"2020-08-15","Neuroterus quercusverrucarum","32.7862816667","-97.11414","https://www.inaturalist.org/observations/56553012","Gall","","unisexual","developing",8265.49023438,"developing_"
56759934,"2020-08-17","Neuroterus quercusverrucarum","40.8000966667","-82.253395","https://www.inaturalist.org/observations/56759934","Gall","","unisexual","developing",4851.03466797,"developing_"
56871908,"2020-08-08","Neuroterus quercusverrucarum","32.7395483333","-97.3571916667","https://www.inaturalist.org/observations/56871908","Gall","","unisexual","developing",7922.22021484,"developing_"
57023924,"2020-08-19","Neuroterus quercusverrucarum","41.9774495031","-87.7392224762","https://www.inaturalist.org/observations/57023924","Gall","","unisexual","developing",4870.05078125,"developing_"
57056573,"2020-08-19","Neuroterus quercusverrucarum","34.9747119182","-92.3703601557","https://www.inaturalist.org/observations/57056573","Gall","","unisexual","developing",7261.65722656,"developing_"
57162441,"2020-08-21","Neuroterus quercusverrucarum","46.508017","-94.205881","https://www.inaturalist.org/observations/57162441","Gall","","unisexual","developing",3886.4230957,"developing_"
57178165,"2020-08-21","Neuroterus quercusverrucarum","30.2762466667","-97.7100666667","https://www.inaturalist.org/observations/57178165","Gall","","unisexual","developing",8948.875,"developing_"
57243999,"2020-08-22","Neuroterus quercusverrucarum","32.77367","-97.0946083333","https://www.inaturalist.org/observations/57243999","Gall","","unisexual","developing",8592.953125,"developing_"
57254593,"2020-08-22","Neuroterus quercusverrucarum","32.7733783333","-97.0939016667","https://www.inaturalist.org/observations/57254593","Gall","","unisexual","developing",8592.953125,"developing_"
57256831,"2020-08-22","Neuroterus quercusverrucarum","32.7735916667","-97.09324","https://www.inaturalist.org/observations/57256831","Gall","","unisexual","developing",8592.953125,"developing_"
57277100,"2020-08-22","Neuroterus quercusverrucarum","30.35536167","-97.72112167","https://www.inaturalist.org/observations/57277100","Gall","","unisexual","developing",9105.73535156,"developing_"
57358000,"2020-08-23","Neuroterus quercusverrucarum","32.8833883333","-97.2220533333","https://www.inaturalist.org/observations/57358000","Gall","","unisexual","developing",8470.58984375,"developing_"
57847087,"2020-08-28","Neuroterus quercusverrucarum","40.78297","-81.9184583333","https://www.inaturalist.org/observations/57847087","Gall","","unisexual","developing",5322.09375,"developing_"
57934903,"2020-08-29","Neuroterus quercusverrucarum","32.94138","-97.182625","https://www.inaturalist.org/observations/57934903","Gall","","unisexual","developing",8720.16796875,"developing_"
57973398,"2020-08-29","Neuroterus quercusverrucarum","38.8579927156","-77.3285595262","https://www.inaturalist.org/observations/57973398","Gall","","unisexual","developing",6700.73974609,"developing_"
58135935,"2020-08-30","Neuroterus quercusverrucarum","40.6473793766","-73.9864490379","https://www.inaturalist.org/observations/58135935","Gall","","unisexual","developing",6456.27636719,"developing_"
58209393,"2020-08-31","Neuroterus quercusverrucarum","38.88137","-77.00336388","https://www.inaturalist.org/observations/58209393","Gall","","unisexual","dormant",6941.69824219,"dormant_"
58255086,"2020-09-01","Neuroterus quercusverrucarum","40.779899","-77.951621","https://www.inaturalist.org/observations/58255086","Gall","","unisexual","developing",5362.42333984,"developing_"
58266679,"2020-09-01","Neuroterus quercusverrucarum","32.7548038097","-97.1400089827","https://www.inaturalist.org/observations/58266679","Gall","","unisexual","dormant",9100.68847656,"dormant_"
58298896,"2020-09-01","Neuroterus quercusverrucarum","44.88599667","-93.28904667","https://www.inaturalist.org/observations/58298896","Gall","","unisexual","developing",5155.77490234,"developing_"
58343699,"2020-09-02","Neuroterus quercusverrucarum","39.9222916667","-83.7873166667","https://www.inaturalist.org/observations/58343699","Gall","","unisexual","developing",5878.48291016,"developing_"
58355415,"2020-09-02","Neuroterus quercusverrucarum","32.7575132642","-97.2117339779","https://www.inaturalist.org/observations/58355415","Gall","","unisexual","developing",9113.31738281,"developing_"
58367803,"2020-09-02","Neuroterus quercusverrucarum","35.9005879726","-81.4957911401","https://www.inaturalist.org/observations/58367803","Gall","","unisexual","developing",6930.6640625,"developing_"
58623954,"2020-09-05","Neuroterus quercusverrucarum","42.28943911","-88.34548906","https://www.inaturalist.org/observations/58623954","Gall","","unisexual","developing",5275.20361328,"developing_"
58630930,"2020-09-05","Neuroterus quercusverrucarum","32.69681","-97.4515083333","https://www.inaturalist.org/observations/58630930","Gall","","unisexual","developing",9346.67382812,"developing_"
58642356,"2020-09-05","Neuroterus quercusverrucarum","32.6968133333","-97.451505","https://www.inaturalist.org/observations/58642356","Gall","","unisexual","developing",9346.67382812,"developing_"
58652792,"2020-09-05","Neuroterus quercusverrucarum","32.6952316667","-97.4503133333","https://www.inaturalist.org/observations/58652792","Gall","","unisexual","developing",9346.67382812,"developing_"
58656519,"2020-09-05","Neuroterus quercusverrucarum","38.7634583333","-83.4109633333","https://www.inaturalist.org/observations/58656519","Gall","","unisexual","developing",6463.67236328,"developing_"
58665118,"2020-09-05","Neuroterus quercusverrucarum","38.8379366667","-83.57695","https://www.inaturalist.org/observations/58665118","Gall","","unisexual","developing",6291.05908203,"developing_"
58767214,"2020-09-06","Neuroterus quercusverrucarum","38.8585926864","-77.3277254417","https://www.inaturalist.org/observations/58767214","Gall","","unisexual","developing",7033.25341797,"developing_"
58809311,"2020-09-06","Neuroterus quercusverrucarum","32.9373689722","-97.18917","https://www.inaturalist.org/observations/58809311","Gall","","unisexual","developing",9058.47070312,"developing_"
59106019,"2020-09-08","Neuroterus quercusverrucarum","32.6826489722","-97.173978","https://www.inaturalist.org/observations/59106019","Gall","","unisexual","developing",9383.47851562,"developing_"
59130063,"2020-09-10","Neuroterus quercusverrucarum","40.0453388333","-83.4793466667","https://www.inaturalist.org/observations/59130063","Gall","","unisexual","developing",6002.19677734,"developing_"
59192956,"2020-09-10","Neuroterus quercusverrucarum","32.67971","-97.1456359722","https://www.inaturalist.org/observations/59192956","Gall","","unisexual","developing",9479.28320312,"developing_"
59279532,"2020-09-11","Neuroterus quercusverrucarum","42.6622194444","-83.08335","https://www.inaturalist.org/observations/59279532","Gall","","unisexual","developing",5667.73779297,"developing_"
59605509,"2020-09-14","Neuroterus quercusverrucarum","32.30072887","-96.63161591","https://www.inaturalist.org/observations/59605509","Gall","","unisexual","developing",9653.44433594,"developing_"
59628993,"2020-09-13","Neuroterus quercusverrucarum","33.1451090348","-98.993053695","https://www.inaturalist.org/observations/59628993","Gall","","unisexual","developing",9208.68066406,"developing_"
59674964,"2020-09-13","Neuroterus quercusverrucarum","40.7186859316","-74.5235206468","https://www.inaturalist.org/observations/59674964","Gall","","unisexual","developing",6491.82373047,"developing_"
60105302,"2020-09-19","Neuroterus quercusverrucarum","32.9342566667","-97.4851416667","https://www.inaturalist.org/observations/60105302","Gall","","unisexual","developing",9577.75097656,"developing_"
60105620,"2020-09-19","Neuroterus quercusverrucarum","32.93432","-97.4851416667","https://www.inaturalist.org/observations/60105620","Gall","","unisexual","developing",9577.75097656,"developing_"
60120037,"2020-09-19","Neuroterus quercusverrucarum","38.8587779017","-77.3274568753","https://www.inaturalist.org/observations/60120037","Gall","","unisexual","dormant",7500.50634766,"dormant_"
60444502,"2020-09-20","Neuroterus quercusverrucarum","32.9286133333","-97.4857866667","https://www.inaturalist.org/observations/60444502","Gall","","unisexual","developing",9662.89257812,"developing_"
60728801,"2020-09-25","Neuroterus quercusverrucarum","32.7385766667","-97.3587166667","https://www.inaturalist.org/observations/60728801","Gall","","unisexual","developing",10330.6279297,"developing_"
60731506,"2020-09-19","Neuroterus quercusverrucarum","45.4209584472","-93.6707005462","https://www.inaturalist.org/observations/60731506","Gall","","unisexual","developing",5167.93164062,"developing_"
60734522,"2020-09-25","Neuroterus quercusverrucarum","32.73854","-97.358935","https://www.inaturalist.org/observations/60734522","Gall","","unisexual","developing",10330.6279297,"developing_"
60737622,"2020-09-25","Neuroterus quercusverrucarum","32.7387716667","-97.3579833333","https://www.inaturalist.org/observations/60737622","Gall","","unisexual","developing",10330.6279297,"developing_"
60792428,"2020-09-25","Neuroterus quercusverrucarum","32.84707","-97.16989","https://www.inaturalist.org/observations/60792428","Gall","","unisexual","developing",10118.453125,"developing_"
60792430,"2020-09-25","Neuroterus quercusverrucarum","32.84707","-97.16989","https://www.inaturalist.org/observations/60792430","Gall","","unisexual","developing",10118.453125,"developing_"
60861110,"2020-09-26","Neuroterus quercusverrucarum","32.853605","-97.477965","https://www.inaturalist.org/observations/60861110","Gall","","unisexual","dormant",10013.9775391,"dormant_"
60862631,"2020-09-26","Neuroterus quercusverrucarum","32.8549433333","-97.4783683333","https://www.inaturalist.org/observations/60862631","Gall","","unisexual","developing",10013.9775391,"developing_"
60878092,"2020-09-26","Neuroterus quercusverrucarum","40.77701167","-77.79834667","https://www.inaturalist.org/observations/60878092","Gall","","unisexual","developing",6397.80566406,"developing_"
61010412,"2020-09-26","Neuroterus quercusverrucarum","32.8550483333","-97.478335","https://www.inaturalist.org/observations/61010412","Gall","","unisexual","developing",10013.9775391,"developing_"
61024682,"2020-09-27","Neuroterus quercusverrucarum","32.690335","-97.1914183333","https://www.inaturalist.org/observations/61024682","Gall","","unisexual","developing",10109.2021484,"developing_"
61133985,"2020-09-27","Neuroterus quercusverrucarum","32.691165","-97.1910716667","https://www.inaturalist.org/observations/61133985","Gall","","unisexual","developing",10109.2021484,"developing_"
61138169,"2020-09-27","Neuroterus quercusverrucarum","32.6903383333","-97.1922866667","https://www.inaturalist.org/observations/61138169","Gall","","unisexual","developing",10109.2021484,"developing_"
61233770,"2020-09-27","Neuroterus quercusverrucarum","32.6629183333","-97.2228433333","https://www.inaturalist.org/observations/61233770","Gall","","unisexual","developing",10142.5146484,"developing_"
61295190,"2020-08-20","Neuroterus quercusverrucarum","38.4643221023","-90.5195847899","https://www.inaturalist.org/observations/61295190","Gall","","unisexual","developing",5952.37207031,"developing_"
61317065,"2020-09-30","Neuroterus quercusverrucarum","32.6920096801","-97.1919304132","https://www.inaturalist.org/observations/61317065","Gall","","unisexual","developing",10218.0205078,"developing_"
61505960,"2020-10-02","Neuroterus quercusverrucarum","30.9112578031","-97.3672196626","https://www.inaturalist.org/observations/61505960","Gall","","unisexual","developing",10679.7021484,"developing_"
61524390,"2020-10-02","Neuroterus quercusverrucarum","38.8575499188","-77.3288116534","https://www.inaturalist.org/observations/61524390","Gall","","unisexual","developing",7895.09277344,"developing_"
61705857,"2020-10-04","Neuroterus quercusverrucarum","32.6598783333","-97.15105","https://www.inaturalist.org/observations/61705857","Gall","","unisexual","developing",10432.3935547,"developing_"
61717407,"2020-10-04","Neuroterus quercusverrucarum","40.8682116667","-82.3235466667","https://www.inaturalist.org/observations/61717407","Gall","","unisexual","developing",6373.58251953,"developing_"
61744523,"2020-10-04","Neuroterus quercusverrucarum","40.7857608635","-77.9931145477","https://www.inaturalist.org/observations/61744523","Gall","","unisexual","developing",6195.76708984,"developing_"
61745056,"2020-10-04","Neuroterus quercusverrucarum","38.8990650585","-92.4646246068","https://www.inaturalist.org/observations/61745056","Gall","","unisexual","dormant",7629.25146484,"dormant_"
61801943,"2020-10-05","Neuroterus quercusverrucarum","40.759155","-81.4548116667","https://www.inaturalist.org/observations/61801943","Gall","","unisexual","developing",6565.46142578,"developing_"
61905974,"2020-10-06","Neuroterus quercusverrucarum","44.5374426111","-92.34137925","https://www.inaturalist.org/observations/61905974","Gall","","unisexual","developing",5083.02685547,"developing_"
61906711,"2020-10-06","Neuroterus quercusverrucarum","38.874185923","-77.4974225016","https://www.inaturalist.org/observations/61906711","Gall","","unisexual","developing",7878.50732422,"developing_"
61906722,"2020-10-06","Neuroterus quercusverrucarum","38.874185923","-77.4974225016","https://www.inaturalist.org/observations/61906722","Gall","","unisexual","developing",7878.50732422,"developing_"
61906726,"2020-10-06","Neuroterus quercusverrucarum","38.874185923","-77.4974225016","https://www.inaturalist.org/observations/61906726","Gall","","unisexual","developing",7878.50732422,"developing_"
61973272,"2020-10-05","Neuroterus quercusverrucarum","30.3923447636","-97.0188514665","https://www.inaturalist.org/observations/61973272","Gall","","unisexual","developing",11033.5957031,"developing_"
61981145,"2020-10-07","Neuroterus quercusverrucarum","32.6629516667","-97.2226133333","https://www.inaturalist.org/observations/61981145","Gall","","unisexual","developing",10510.6337891,"developing_"
62050730,"2020-10-07","Neuroterus quercusverrucarum","32.6641966667","-97.2195583333","https://www.inaturalist.org/observations/62050730","Gall","","unisexual","developing",10510.6337891,"developing_"
62054498,"2020-10-07","Neuroterus quercusverrucarum","32.6656716667","-97.2198533333","https://www.inaturalist.org/observations/62054498","Gall","","unisexual","dormant",10510.6337891,"dormant_"
62069572,"2020-10-08","Neuroterus quercusverrucarum","33.02356667","-97.14527217","https://www.inaturalist.org/observations/62069572","Gall","","unisexual","developing",10515.2900391,"developing_"
62252607,"2020-10-10","Neuroterus quercusverrucarum","40.7691634784","-77.7542402968","https://www.inaturalist.org/observations/62252607","Gall","","unisexual","developing",6436.47460938,"developing_"
62330082,"2020-10-10","Neuroterus quercusverrucarum","32.8436933333","-97.4760716667","https://www.inaturalist.org/observations/62330082","Gall","","unisexual","perimature",10577.7294922,"perimature_"
62358023,"2020-10-11","Neuroterus quercusverrucarum","40.6493877712","-73.9856609393","https://www.inaturalist.org/observations/62358023","Gall","","unisexual","developing",7945.38818359,"developing_"
62369900,"2020-10-10","Neuroterus quercusverrucarum","42.8900085256","-100.3117502091","https://www.inaturalist.org/observations/62369900","Gall","","unisexual","developing",6419.14941406,"developing_"
62586103,"2020-10-14","Neuroterus quercusverrucarum","38.8587555311","-77.4983807005","https://www.inaturalist.org/observations/62586103","Gall","","unisexual","developing",8101.66210938,"developing_"
62648498,"2020-10-15","Neuroterus quercusverrucarum","32.7979183333","-97.4578033333","https://www.inaturalist.org/observations/62648498","Gall","","unisexual","developing",10962.3417969,"developing_"
63661014,"2020-10-27","Neuroterus quercusverrucarum","41.9819784108","-87.7439105922","https://www.inaturalist.org/observations/63661014","Gall","","unisexual","developing",6929.59228516,"developing_"
63983975,"2020-11-01","Neuroterus quercusverrucarum","32.8753766667","-97.1676666667","https://www.inaturalist.org/observations/63983975","Gall","","unisexual","developing",11258.5234375,"developing_"
63984307,"2020-11-01","Neuroterus quercusverrucarum","32.87538","-97.16768","https://www.inaturalist.org/observations/63984307","Gall","","unisexual","dormant",11258.5234375,"dormant_"
64016507,"2020-11-01","Neuroterus quercusverrucarum","39.1547966667","-84.4998716667","https://www.inaturalist.org/observations/64016507","Gall","","unisexual","dormant",8258.07226562,"dormant_"
64128055,"2020-11-03","Neuroterus quercusverrucarum","32.7726638667","-97.0247272551","https://www.inaturalist.org/observations/64128055","Gall","","unisexual","dormant",11584.9052734,"dormant_"
64397140,"2020-11-07","Neuroterus quercusverrucarum","32.6134166667","-96.9720166667","https://www.inaturalist.org/observations/64397140","Gall","","unisexual","dormant",11454.6738281,"dormant_"
64397392,"2020-11-07","Neuroterus quercusverrucarum","32.6134016667","-96.97202","https://www.inaturalist.org/observations/64397392","Gall","","unisexual","dormant",11454.6738281,"dormant_"
64550318,"2020-11-09","Neuroterus quercusverrucarum","41.1025916667","-81.9171","https://www.inaturalist.org/observations/64550318","Gall","","unisexual","dormant",7066.5,"dormant_"
64708602,"2020-11-11","Neuroterus quercusverrucarum","40.08341","-88.201627","https://www.inaturalist.org/observations/64708602","Gall","","unisexual","dormant",7649.80712891,"dormant_"
64735601,"2020-11-11","Neuroterus quercusverrucarum","41.739321785","-81.2917973846","https://www.inaturalist.org/observations/64735601","Gall","","unisexual","dormant",7220.84863281,"dormant_"
64884468,"2020-11-14","Neuroterus quercusverrucarum","41.2857225266","-81.4114141837","https://www.inaturalist.org/observations/64884468","Gall","","unisexual","dormant",7109.1875,"dormant_"
65033669,"2020-11-16","Neuroterus quercusverrucarum","32.7674374784","-97.1903376914","https://www.inaturalist.org/observations/65033669","Gall","","unisexual","dormant",11866.0742188,"dormant_"
65223937,"2020-11-19","Neuroterus quercusverrucarum","32.93397","-97.194062","https://www.inaturalist.org/observations/65223937","Gall","","unisexual","dormant",11551.5087891,"dormant_"
65230168,"2020-11-19","Neuroterus quercusverrucarum","32.7351738021","-97.1988038178","https://www.inaturalist.org/observations/65230168","Gall","","unisexual","dormant",11869.2041016,"dormant_"
65235543,"2020-11-19","Neuroterus quercusverrucarum","37.6901395471","-97.3784605832","https://www.inaturalist.org/observations/65235543","Gall","","unisexual","dormant",9230.29785156,"dormant_"
65235917,"2020-10-10","Neuroterus quercusverrucarum","43.5283111111","-83.9437777778","https://www.inaturalist.org/observations/65235917","Gall","","unisexual","developing",5968.87841797,"developing_"
65237169,"2020-11-19","Neuroterus quercusverrucarum","33.54906739","-96.14658119","https://www.inaturalist.org/observations/65237169","Gall","","unisexual","developing",11163.5654297,"developing_"
65353418,"2020-11-21","Neuroterus quercusverrucarum","40.8055616667","-82.9956133333","https://www.inaturalist.org/observations/65353418","Gall","","unisexual","dormant",7404.58105469,"dormant_"
65414385,"2020-11-22","Neuroterus quercusverrucarum","32.772429","-97.379496","https://www.inaturalist.org/observations/65414385","Gall","","unisexual","dormant",12234.5400391,"dormant_"
65484620,"2020-11-23","Neuroterus quercusverrucarum","38.9513283759","-77.3193098932","https://www.inaturalist.org/observations/65484620","Gall","","unisexual","dormant",9099.00976562,"dormant_"
65485691,"2020-11-23","Neuroterus quercusverrucarum","28.6139565","-82.4686657","https://www.inaturalist.org/observations/65485691","Gall","","unisexual","dormant",13754.3378906,"dormant_"
65653509,"2020-11-26","Neuroterus quercusverrucarum","32.8345283331","-98.0370957295","https://www.inaturalist.org/observations/65653509","Gall","","unisexual","dormant",11494.3173828,"dormant_"
65709188,"2020-11-26","Neuroterus quercusverrucarum","32.758985","-97.504285","https://www.inaturalist.org/observations/65709188","Gall","","unisexual","developing",11831.6845703,"developing_"
65774625,"2020-11-28","Neuroterus quercusverrucarum","32.6898266667","-97.1921783333","https://www.inaturalist.org/observations/65774625","Gall","","unisexual","dormant",12047.3505859,"dormant_"
65778254,"2020-11-28","Neuroterus quercusverrucarum","32.6912566667","-97.19183","https://www.inaturalist.org/observations/65778254","Gall","","unisexual","dormant",12047.3505859,"dormant_"
65840581,"2020-11-28","Neuroterus quercusverrucarum","32.68978","-97.192165","https://www.inaturalist.org/observations/65840581","Gall","","unisexual","dormant",12047.3505859,"dormant_"
65845780,"2020-11-28","Neuroterus quercusverrucarum","32.69139","-97.190855","https://www.inaturalist.org/observations/65845780","Gall","","unisexual","dormant",12047.3505859,"dormant_"
65908979,"2020-11-29","Neuroterus quercusverrucarum","32.667795","-97.1829833333","https://www.inaturalist.org/observations/65908979","Gall","","unisexual","dormant",12073.8925781,"dormant_"
66107405,"2020-12-04","Neuroterus quercusverrucarum","33.2242983356","-96.9431353893","https://www.inaturalist.org/observations/66107405","Gall","","unisexual","dormant",11778.6025391,"dormant_"
66212223,"2020-12-05","Neuroterus quercusverrucarum","32.7673516667","-97.190325","https://www.inaturalist.org/observations/66212223","Gall","","unisexual","dormant",12283.4472656,"dormant_"
66213172,"2020-12-05","Neuroterus quercusverrucarum","32.7674766667","-97.1903016667","https://www.inaturalist.org/observations/66213172","Gall","","unisexual","dormant",12283.4472656,"dormant_"
66437022,"2020-12-10","Neuroterus quercusverrucarum","32.7027916667","-97.1660066667","https://www.inaturalist.org/observations/66437022","Gall","","unisexual","dormant",12304.1845703,"dormant_"
66489988,"2020-12-12","Neuroterus quercusverrucarum","30.2420666667","-97.7006616667","https://www.inaturalist.org/observations/66489988","Gall","","unisexual","dormant",13242.4384766,"dormant_"
66537043,"2020-12-10","Neuroterus quercusverrucarum","32.7025783333","-97.16613","https://www.inaturalist.org/observations/66537043","Gall","","unisexual","dormant",12304.1845703,"dormant_"
66679245,"2020-12-14","Neuroterus quercusverrucarum","32.904246","-97.2647469722","https://www.inaturalist.org/observations/66679245","Gall","","unisexual","dormant",12154.0703125,"dormant_"
66848970,"2020-12-20","Neuroterus quercusverrucarum","32.6355816667","-96.963435","https://www.inaturalist.org/observations/66848970","Gall","","unisexual","dormant",12426.0878906,"dormant_"
67107062,"2020-12-25","Neuroterus quercusverrucarum","31.597198","-96.535225","https://www.inaturalist.org/observations/67107062","Gall","","unisexual","dormant",12231.3779297,"dormant_"
67580148,"2021-01-04","Neuroterus quercusverrucarum","32.7418983333","-97.36338","https://www.inaturalist.org/observations/67580148","Gall","","unisexual","dormant",39.4200248718,"dormant_"
67967674,"2021-01-12","Neuroterus quercusverrucarum","32.7674499594","-97.1902471082","https://www.inaturalist.org/observations/67967674","Gall","","unisexual","dormant",141.129089355,"dormant_"
68029546,"2021-01-13","Neuroterus quercusverrucarum","30.2591738755","-97.7768513442","https://www.inaturalist.org/observations/68029546","Gall","","unisexual","dormant",193.509109497,"dormant_"
68237607,"2021-01-17","Neuroterus quercusverrucarum","32.7356483333","-97.2937033333","https://www.inaturalist.org/observations/68237607","Gall","","unisexual","dormant",218.151031494,"dormant_"
68270499,"2021-01-03","Neuroterus quercusverrucarum","36.2978372927","-91.5159731358","https://www.inaturalist.org/observations/68270499","Gall","","unisexual","dormant",14.4900245667,"dormant_"
68502080,"2021-01-23","Neuroterus quercusverrucarum","30.2190138889","-97.7511833333","https://www.inaturalist.org/observations/68502080","Gall","","unisexual","dormant",415.863098145,"dormant_"
68527178,"2020-11-14","Neuroterus quercusverrucarum","33.8292994156","-80.8223424365","https://www.inaturalist.org/observations/68527178","Gall","","unisexual","dormant",11551.4677734,"dormant_"
68737563,"2021-01-28","Neuroterus quercusverrucarum","30.5226361111","-97.6445611111","https://www.inaturalist.org/observations/68737563","Gall","","unisexual","dormant",511.119049072,"dormant_"
68811849,"2021-01-30","Neuroterus quercusverrucarum","29.9180343259","-97.9826032943","https://www.inaturalist.org/observations/68811849","Gall","","unisexual","dormant",571.526855469,"dormant_"
68932908,"2021-02-01","Neuroterus quercusverrucarum","30.3097805556","-97.6164166667","https://www.inaturalist.org/observations/68932908","Gall","","unisexual","dormant",612.476867676,"dormant_"
69955380,"2021-02-21","Neuroterus quercusverrucarum","30.4351527778","-97.6663888889","https://www.inaturalist.org/observations/69955380","Gall","","unisexual","dormant",823.085571289,"dormant_"
70001131,"2021-02-22","Neuroterus quercusverrucarum","32.8675811459","-96.6721193121","https://www.inaturalist.org/observations/70001131","Gall","","unisexual","dormant",623.213623047,"dormant_"
70562498,"2021-03-04","Neuroterus quercusverrucarum","30.404805","-97.7969583333","https://www.inaturalist.org/observations/70562498","Gall","","unisexual","dormant",1146.66259766,"dormant_"
70711055,"2021-03-06","Neuroterus quercusverrucarum","32.639365","-96.562483","https://www.inaturalist.org/observations/70711055","Gall","","unisexual","dormant",914.687744141,"dormant_"
70963613,"2021-03-10","Neuroterus quercusverrucarum","30.3643388889","-97.8584444444","https://www.inaturalist.org/observations/70963613","Gall","","unisexual","dormant",1259.30651855,"dormant_"
71261811,"2021-03-14","Neuroterus quercusverrucarum","32.6699724723","-97.4452932744","https://www.inaturalist.org/observations/71261811","Gall","","unisexual","dormant",1196.00048828,"dormant_"
82187610,"2021-06-08","Neuroterus quercusverrucarum","38.8575415646","-77.3284254152","https://www.inaturalist.org/observations/82187610","Gall","","unisexual","developing",2745.16943359,"developing_"
83337170,"2021-06-16","Neuroterus quercusverrucarum","38.8579175223","-77.3285702581","https://www.inaturalist.org/observations/83337170","Gall","","unisexual","developing",3076.33300781,"developing_"
83824508,"2021-06-20","Neuroterus quercusverrucarum","38.8583143662","-77.3276583038","https://www.inaturalist.org/observations/83824508","Gall","","unisexual","developing",3234.7421875,"developing_"
83935282,"2021-06-20","Neuroterus quercusverrucarum","39.0634721667","-77.1661611667","https://www.inaturalist.org/observations/83935282","Gall","","unisexual","developing",3191.63305664,"developing_"
84475579,"2021-06-24","Neuroterus quercusverrucarum","26.413637","-80.09778","https://www.inaturalist.org/observations/84475579","Gall","","unisexual","developing",7365.65283203,"developing_"
85691425,"2021-07-04","Neuroterus quercusverrucarum","32.775895","-97.6955716667","https://www.inaturalist.org/observations/85691425","Gall","","unisexual","developing",5227.00878906,"developing_"
85860529,"2021-07-04","Neuroterus quercusverrucarum","39.1366966667","-84.5177133333","https://www.inaturalist.org/observations/85860529","Gall","","unisexual","developing",3580.30517578,"developing_"
85966139,"2021-07-06","Neuroterus quercusverrucarum","32.7064496154","-96.8739261221","https://www.inaturalist.org/observations/85966139","Gall","","unisexual","developing",5574.52783203,"developing_"
87593086,"2021-07-18","Neuroterus quercusverrucarum","42.957705","-89.6757283333","https://www.inaturalist.org/observations/87593086","Gall","","unisexual","developing",3454.36938477,"developing_"
87802427,"2021-07-19","Neuroterus quercusverrucarum","40.6080405296","-74.7685072749","https://www.inaturalist.org/observations/87802427","Gall","","unisexual","developing",3939.28930664,"developing_"
88291774,"2021-07-22","Neuroterus quercusverrucarum","35.1088826861","-92.5418402124","https://www.inaturalist.org/observations/88291774","Gall","","unisexual","developing",5425.30664062,"developing_"
88980704,"2021-07-28","Neuroterus quercusverrucarum","42.0486465656","-87.6742873247","https://www.inaturalist.org/observations/88980704","Gall","","unisexual","developing",3649.2277832,"developing_"
89519949,"2021-07-31","Neuroterus quercusverrucarum","40.6514099861","-73.9993759442","https://www.inaturalist.org/observations/89519949","Gall","","unisexual","developing",4972.41699219,"developing_"
89668722,"2021-08-02","Neuroterus quercusverrucarum","34.8850866667","-82.34492","https://www.inaturalist.org/observations/89668722","Gall","","unisexual","developing",6191.22363281,"developing_"
89730840,"2021-08-02","Neuroterus quercusverrucarum","32.934164","-97.1942939722","https://www.inaturalist.org/observations/89730840","Gall","","unisexual","developing",6807.49755859,"developing_"
89812259,"2021-08-03","Neuroterus quercusverrucarum","32.63576556","-97.32500905","https://www.inaturalist.org/observations/89812259","Gall","","unisexual","developing",6984.94433594,"developing_"
89851922,"2021-08-03","Neuroterus quercusverrucarum","39.1397760982","-84.513483829","https://www.inaturalist.org/observations/89851922","Gall","","unisexual","developing",4903.50244141,"developing_"
90402287,"2021-08-07","Neuroterus quercusverrucarum","43.029","-89.4376833333","https://www.inaturalist.org/observations/90402287","Gall","","unisexual","developing",4286.84179688,"developing_"
90672980,"2021-08-10","Neuroterus quercusverrucarum","40.77978","-81.926675","https://www.inaturalist.org/observations/90672980","Gall","","unisexual","developing",4501.87109375,"developing_"
90942720,"2021-08-12","Neuroterus quercusverrucarum","32.9657460099","-97.0936810307","https://www.inaturalist.org/observations/90942720","Gall","","unisexual","developing",7404.95410156,"developing_"
91074928,"2021-08-13","Neuroterus quercusverrucarum","41.39621","-87.32863","https://www.inaturalist.org/observations/91074928","Gall","","unisexual","developing",4631.57763672,"developing_"
91074932,"2021-08-13","Neuroterus quercusverrucarum","41.3961433333","-87.3287416667","https://www.inaturalist.org/observations/91074932","Gall","","unisexual","developing",4631.57763672,"developing_"
91074933,"2021-08-13","Neuroterus quercusverrucarum","41.3961416667","-87.3287433333","https://www.inaturalist.org/observations/91074933","Gall","","unisexual","developing",4631.57763672,"developing_"
91296712,"2021-08-15","Neuroterus quercusverrucarum","41.9746961","-87.6807060997","https://www.inaturalist.org/observations/91296712","Gall","","unisexual","developing",4771.60986328,"developing_"
91298357,"2021-08-15","Neuroterus quercusverrucarum","40.4817583333","-82.147125","https://www.inaturalist.org/observations/91298357","Gall","","unisexual","developing",4756.85986328,"developing_"
91329048,"2021-08-15","Neuroterus quercusverrucarum","43.2349725684","-89.4430386069","https://www.inaturalist.org/observations/91329048","Gall","","unisexual","developing",4458.20214844,"developing_"
91768409,"2021-08-19","Neuroterus quercusverrucarum","32.9567879","-97.0828773","https://www.inaturalist.org/observations/91768409","Gall","","unisexual","developing",7757.33105469,"developing_"
92174026,"2021-08-22","Neuroterus quercusverrucarum","38.8362166667","-83.573005","https://www.inaturalist.org/observations/92174026","Gall","","unisexual","developing",5630.83789062,"developing_"
92286892,"2021-08-16","Neuroterus quercusverrucarum","40.3360524177","-75.4832048937","https://www.inaturalist.org/observations/92286892","Gall","","unisexual","developing",5168.87841797,"developing_"
92295740,"2021-08-23","Neuroterus quercusverrucarum","38.8579467627","-77.3283449506","https://www.inaturalist.org/observations/92295740","Gall","","unisexual","perimature",6164.54785156,"perimature_"
92295741,"2021-08-23","Neuroterus quercusverrucarum","38.8579467627","-77.3283449506","https://www.inaturalist.org/observations/92295741","Gall","","unisexual","developing",6164.54785156,"developing_"
92733294,"2021-08-27","Neuroterus quercusverrucarum","42.0152805556","-88.2547083333","https://www.inaturalist.org/observations/92733294","Gall","","unisexual","developing",5288.84716797,"developing_"
92733306,"2021-08-27","Neuroterus quercusverrucarum","42.0157611111","-88.2562555556","https://www.inaturalist.org/observations/92733306","Gall","","unisexual","developing",5288.84716797,"developing_"
92831273,"2021-08-28","Neuroterus quercusverrucarum","38.8026826511","-77.426134243","https://www.inaturalist.org/observations/92831273","Gall","","unisexual","developing",6478.47753906,"developing_"
92831284,"2021-08-28","Neuroterus quercusverrucarum","38.8026826511","-77.426134243","https://www.inaturalist.org/observations/92831284","Gall","","unisexual","developing",6478.47753906,"developing_"
93070958,"2021-08-27","Neuroterus quercusverrucarum","32.766845","-97.3740916667","https://www.inaturalist.org/observations/93070958","Gall","","unisexual","developing",8427.18359375,"developing_"
93409695,"2021-09-02","Neuroterus quercusverrucarum","42.1702067052","-87.8480578078","https://www.inaturalist.org/observations/93409695","Gall","","unisexual","developing",5511.88525391,"developing_"
93527729,"2021-09-03","Neuroterus quercusverrucarum","42.37456009","-71.10748435","https://www.inaturalist.org/observations/93527729","Gall","","unisexual","developing",5644.01416016,"developing_"
93653609,"2021-09-04","Neuroterus quercusverrucarum","35.6074172581","-78.9389132957","https://www.inaturalist.org/observations/93653609","Gall","","unisexual","developing",7688.61767578,"developing_"
93740187,"2021-09-05","Neuroterus quercusverrucarum","39.1383766667","-84.5146516667","https://www.inaturalist.org/observations/93740187","Gall","","unisexual","developing",6384.84716797,"developing_"
93752298,"2021-09-05","Neuroterus quercusverrucarum","39.1362866667","-84.5196433333","https://www.inaturalist.org/observations/93752298","Gall","","unisexual","developing",6402.22900391,"developing_"
93820039,"2021-09-05","Neuroterus quercusverrucarum","42.2448364048","-87.8815131554","https://www.inaturalist.org/observations/93820039","Gall","","unisexual","developing",5515.51416016,"developing_"
93895384,"2021-09-06","Neuroterus quercusverrucarum","30.2370720954","-97.3200239442","https://www.inaturalist.org/observations/93895384","Gall","","unisexual","developing",9168.79296875,"developing_"
93913970,"2021-09-05","Neuroterus quercusverrucarum","32.6122583333","-96.9736133333","https://www.inaturalist.org/observations/93913970","Gall","","unisexual","developing",8612.91699219,"developing_"
93940415,"2021-09-06","Neuroterus quercusverrucarum","42.0157408068","-88.2541057878","https://www.inaturalist.org/observations/93940415","Gall","","unisexual","developing",5685.35986328,"developing_"
94381233,"2021-09-10","Neuroterus quercusverrucarum","36.803825","-88.0040666667","https://www.inaturalist.org/observations/94381233","Gall","","unisexual","developing",7361.63720703,"developing_"
94382421,"2021-09-10","Neuroterus quercusverrucarum","36.8215616667","-88.0348888333","https://www.inaturalist.org/observations/94382421","Gall","","unisexual","developing",7337.61669922,"developing_"
94440359,"2021-09-11","Neuroterus quercusverrucarum","37.0849","-88.6361083333","https://www.inaturalist.org/observations/94440359","Gall","","unisexual","developing",7464.33886719,"developing_"
94450496,"2021-09-11","Neuroterus quercusverrucarum","37.2523216667","-88.8374116667","https://www.inaturalist.org/observations/94450496","Gall","","unisexual","developing",7185.453125,"developing_"
94458761,"2021-09-11","Neuroterus quercusverrucarum","37.3035133333","-89.0202416667","https://www.inaturalist.org/observations/94458761","Gall","","unisexual","developing",7142.85449219,"developing_"
94463378,"2021-09-11","Neuroterus quercusverrucarum","37.3589466667","-88.9175333333","https://www.inaturalist.org/observations/94463378","Gall","","unisexual","developing",7080.11035156,"developing_"
94471005,"2021-09-11","Neuroterus quercusverrucarum","33.0433805556","-97.1783361111","https://www.inaturalist.org/observations/94471005","Gall","","unisexual","developing",8970.10644531,"developing_"
94491240,"2021-09-11","Neuroterus quercusverrucarum","37.481175","-88.7392116667","https://www.inaturalist.org/observations/94491240","Gall","","unisexual","developing",7036.84472656,"developing_"
94512448,"2021-09-11","Neuroterus quercusverrucarum","38.760625","-83.4092366667","https://www.inaturalist.org/observations/94512448","Gall","","unisexual","developing",6430.60693359,"developing_"
94520275,"2021-09-11","Neuroterus quercusverrucarum","30.29112","-97.7069633333","https://www.inaturalist.org/observations/94520275","Gall","","unisexual","developing",9608.59375,"developing_"
94566560,"2021-09-10","Neuroterus quercusverrucarum","32.8892182745","-97.1133778151","https://www.inaturalist.org/observations/94566560","Gall","","unisexual","developing",9057.90429688,"developing_"
94899206,"2021-09-14","Neuroterus quercusverrucarum","29.9986353847","-98.4193152434","https://www.inaturalist.org/observations/94899206","Gall","","unisexual","developing",9226.77734375,"developing_"
94917117,"2021-09-15","Neuroterus quercusverrucarum","41.5146616667","-81.3348916667","https://www.inaturalist.org/observations/94917117","Gall","","unisexual","developing",5802.81884766,"developing_"
95409116,"2021-09-18","Neuroterus quercusverrucarum","39.1383033333","-84.5139033333","https://www.inaturalist.org/observations/95409116","Gall","","unisexual","developing",6910.63623047,"developing_"
95550658,"2021-09-20","Neuroterus quercusverrucarum","33.0001638275","-98.2309537427","https://www.inaturalist.org/observations/95550658","Gall","","unisexual","developing",8880.23535156,"developing_"
95587690,"2021-08-29","Neuroterus quercusverrucarum","41.4459722222","-70.5643388889","https://www.inaturalist.org/observations/95587690","Gall","","unisexual","developing",5055.17236328,"developing_"
95587701,"2021-08-29","Neuroterus quercusverrucarum","41.4460916667","-70.5644305556","https://www.inaturalist.org/observations/95587701","Gall","","unisexual","developing",5055.17236328,"developing_"
95589215,"2021-09-20","Neuroterus quercusverrucarum","38.6398557382","-77.2009382946","https://www.inaturalist.org/observations/95589215","Gall","","unisexual","developing",7547.84814453,"developing_"
95616254,"2021-09-20","Neuroterus quercusverrucarum","43.1349233509","-89.3038195823","https://www.inaturalist.org/observations/95616254","Gall","","unisexual","developing",5858.85498047,"developing_"
95698546,"2021-09-17","Neuroterus quercusverrucarum","32.893369","-97.1078441","https://www.inaturalist.org/observations/95698546","Gall","","unisexual","developing",9388.63769531,"developing_"
95904292,"2021-09-23","Neuroterus quercusverrucarum","40.8300633333","-81.9437166667","https://www.inaturalist.org/observations/95904292","Gall","","unisexual","developing",6147.79003906,"developing_"
96254557,"2021-09-25","Neuroterus quercusverrucarum","41.4841","-81.690975","https://www.inaturalist.org/observations/96254557","Gall","","unisexual","developing",6632.33154297,"developing_"
96297534,"2021-09-26","Neuroterus quercusverrucarum","42.1395472222","-87.8276361111","https://www.inaturalist.org/observations/96297534","Gall","","unisexual","developing",6442.42138672,"developing_"
96327605,"2021-09-19","Neuroterus quercusverrucarum","30.5682698086","-91.1650772437","https://www.inaturalist.org/observations/96327605","Gall","","unisexual","developing",9731.95898438,"developing_"
96442785,"2021-09-27","Neuroterus quercusverrucarum","42.3576383333","-71.4028783333","https://www.inaturalist.org/observations/96442785","Gall","","unisexual","developing",6276.57910156,"developing_"
96521714,"2021-09-28","Neuroterus quercusverrucarum","39.905332","-95.9075169722","https://www.inaturalist.org/observations/96521714","Gall","","unisexual","developing",6955.55810547,"developing_"
96937022,"2021-10-02","Neuroterus quercusverrucarum","29.8923783333","-97.9313966667","https://www.inaturalist.org/observations/96937022","Gall","","unisexual","developing",10489.8681641,"developing_"
96941905,"2021-10-02","Neuroterus quercusverrucarum","36.1100542859","-79.9924383123","https://www.inaturalist.org/observations/96941905","Gall","","unisexual","developing",8148.16552734,"developing_"
96946410,"2021-10-02","Neuroterus quercusverrucarum","38.8578757472","-77.328521974","https://www.inaturalist.org/observations/96946410","Gall","","unisexual","developing",7764.14208984,"developing_"
97015573,"2021-09-25","Neuroterus quercusverrucarum","44.86117262","-93.62620997","https://www.inaturalist.org/observations/97015573","Gall","","unisexual","developing",5931.68212891,"developing_"
97135418,"2021-10-03","Neuroterus quercusverrucarum","36.6583055018","-94.071993673","https://www.inaturalist.org/observations/97135418","Gall","","unisexual","developing",8117.95068359,"developing_"
97181850,"2021-10-04","Neuroterus quercusverrucarum","36.6583055018","-94.071993673","https://www.inaturalist.org/observations/97181850","Gall","","unisexual","developing",8150.43164062,"developing_"
97204923,"2021-10-04","Neuroterus quercusverrucarum","35.0956359722","-92.4635849722","https://www.inaturalist.org/observations/97204923","Gall","","unisexual","developing",9021.31933594,"developing_"
97204984,"2021-10-04","Neuroterus quercusverrucarum","35.0908969722","-92.465777","https://www.inaturalist.org/observations/97204984","Gall","","unisexual","developing",9021.31933594,"developing_"
97213833,"2021-10-02","Neuroterus quercusverrucarum","38.85875","-77.3275383333","https://www.inaturalist.org/observations/97213833","Gall","","unisexual","developing",7764.14208984,"developing_"
97277556,"2021-10-05","Neuroterus quercusverrucarum","36.6583055018","-94.071993673","https://www.inaturalist.org/observations/97277556","Gall","","unisexual","developing",8181.82373047,"developing_"
97296501,"2021-10-05","Neuroterus quercusverrucarum","39.1362166667","-84.5182366667","https://www.inaturalist.org/observations/97296501","Gall","","unisexual","developing",7514.86425781,"developing_"
97307110,"2021-10-05","Neuroterus quercusverrucarum","39.096170861","-92.352657766","https://www.inaturalist.org/observations/97307110","Gall","","unisexual","developing",7702.03515625,"developing_"
97402196,"2021-09-29","Neuroterus quercusverrucarum","40.448681","-75.8854589722","https://www.inaturalist.org/observations/97402196","Gall","","unisexual","developing",6796.51025391,"developing_"
97402600,"2021-09-29","Neuroterus quercusverrucarum","40.448678","-75.885489","https://www.inaturalist.org/observations/97402600","Gall","","unisexual","developing",6796.51025391,"developing_"
97553578,"2021-10-08","Neuroterus quercusverrucarum","40.7139545493","-73.9763993584","https://www.inaturalist.org/observations/97553578","Gall","","unisexual","developing",7729.64941406,"developing_"
97565013,"2021-09-29","Neuroterus quercusverrucarum","44.0965876372","-91.8328582902","https://www.inaturalist.org/observations/97565013","Gall","","unisexual","developing",6163.19726562,"developing_"
97604039,"2021-10-06","Neuroterus quercusverrucarum","34.9392800769","-92.4174244511","https://www.inaturalist.org/observations/97604039","Gall","","unisexual","developing",9104.27929688,"developing_"
97613997,"2021-10-02","Neuroterus quercusverrucarum","31.941573","-95.902774","https://www.inaturalist.org/observations/97613997","Gall","","unisexual","developing",9668.92089844,"developing_"
97656251,"2021-10-09","Neuroterus quercusverrucarum","40.1097361667","-83.4192583333","https://www.inaturalist.org/observations/97656251","Gall","","unisexual","developing",6930.00683594,"developing_"
97717143,"2021-10-07","Neuroterus quercusverrucarum","35.073514","-92.4941","https://www.inaturalist.org/observations/97717143","Gall","","unisexual","developing",9109.29394531,"developing_"
97838078,"2021-10-10","Neuroterus quercusverrucarum","40.7802083333","-81.9254916667","https://www.inaturalist.org/observations/97838078","Gall","","unisexual","developing",6723.17138672,"developing_"
97975171,"2021-10-08","Neuroterus quercusverrucarum","37.5085416667","-77.5249472222","https://www.inaturalist.org/observations/97975171","Gall","","unisexual","developing",8474.91601562,"developing_"
98069302,"2021-10-10","Neuroterus quercusverrucarum","35.1078167443","-92.5464455529","https://www.inaturalist.org/observations/98069302","Gall","","unisexual","developing",9193.95605469,"developing_"
98069330,"2021-10-10","Neuroterus quercusverrucarum","35.109130352","-92.5470858056","https://www.inaturalist.org/observations/98069330","Gall","","unisexual","developing",9193.95605469,"developing_"
98126464,"2021-10-13","Neuroterus quercusverrucarum","32.9281149722","-97.2004259722","https://www.inaturalist.org/observations/98126464","Gall","","unisexual","developing",10369.1923828,"developing_"
98127530,"2021-10-13","Neuroterus quercusverrucarum","32.9276229722","-97.2018829722","https://www.inaturalist.org/observations/98127530","Gall","","unisexual","developing",10369.1923828,"developing_"
98157383,"2021-10-13","Neuroterus quercusverrucarum","39.1373611111","-84.4119138889","https://www.inaturalist.org/observations/98157383","Gall","","unisexual","developing",7757.89013672,"developing_"
98394421,"2021-10-16","Neuroterus quercusverrucarum","38.8675942941","-77.1147017553","https://www.inaturalist.org/observations/98394421","Gall","","unisexual","developing",8503.28710938,"developing_"
98526501,"2021-10-17","Neuroterus quercusverrucarum","29.321715","-97.927813","https://www.inaturalist.org/observations/98526501","Gall","","unisexual","dormant",11251.5791016,"dormant_"
98527859,"2021-10-16","Neuroterus quercusverrucarum","32.6629066667","-97.2228733333","https://www.inaturalist.org/observations/98527859","Gall","","unisexual","developing",10573.7958984,"developing_"
98576681,"2021-10-16","Neuroterus quercusverrucarum","32.71608","-97.1895583333","https://www.inaturalist.org/observations/98576681","Gall","","unisexual","developing",10709.4970703,"developing_"
98578948,"2021-10-16","Neuroterus quercusverrucarum","32.7156966667","-97.190335","https://www.inaturalist.org/observations/98578948","Gall","","unisexual","developing",10709.4970703,"developing_"
98731645,"2021-10-17","Neuroterus quercusverrucarum","32.7524133333","-97.2689316667","https://www.inaturalist.org/observations/98731645","Gall","","unisexual","developing",10696.9033203,"developing_"
99111408,"2021-10-23","Neuroterus quercusverrucarum","35.0389442818","-85.2735524252","https://www.inaturalist.org/observations/99111408","Gall","","unisexual","developing",9576.68359375,"developing_"
99136521,"2021-10-23","Neuroterus quercusverrucarum","41.292960218","-91.2330064692","https://www.inaturalist.org/observations/99136521","Gall","","unisexual","developing",7530.42236328,"developing_"
99164136,"2021-10-23","Neuroterus quercusverrucarum","39.3229783333","-82.9864666667","https://www.inaturalist.org/observations/99164136","Gall","","unisexual","developing",7783.81103516,"developing_"
99175909,"2021-10-23","Neuroterus quercusverrucarum","32.8158897814","-98.0324976706","https://www.inaturalist.org/observations/99175909","Gall","","unisexual","developing",10072.9326172,"developing_"
99463477,"2021-10-19","Neuroterus quercusverrucarum","39.8556048503","-86.2931372342","https://www.inaturalist.org/observations/99463477","Gall","","unisexual","developing",7618.94775391,"developing_"
99669367,"2021-10-28","Neuroterus quercusverrucarum","41.8242038935","-88.0900764093","https://www.inaturalist.org/observations/99669367","Gall","","unisexual","developing",7527.23730469,"developing_"
100004118,"2021-11-01","Neuroterus quercusverrucarum","32.766881","-97.377066","https://www.inaturalist.org/observations/100004118","Gall","","unisexual","dormant",11373.1064453,"dormant_"
100090622,"2021-10-31","Neuroterus quercusverrucarum","32.70302","-97.165875","https://www.inaturalist.org/observations/100090622","Gall","","unisexual","developing",11262.9296875,"developing_"
100239012,"2021-10-26","Neuroterus quercusverrucarum","30.6572083333","-96.8161083333","https://www.inaturalist.org/observations/100239012","Gall","","unisexual","dormant",11133.5449219,"dormant_"
100337119,"2021-11-04","Neuroterus quercusverrucarum","32.92912","-97.2005733333","https://www.inaturalist.org/observations/100337119","Gall","","unisexual","dormant",11099.0380859,"dormant_"
100430124,"2021-11-06","Neuroterus quercusverrucarum","33.0010386495","-98.2331422007","https://www.inaturalist.org/observations/100430124","Gall","","unisexual","dormant",10535.9550781,"dormant_"
100494839,"2021-11-07","Neuroterus quercusverrucarum","33.0006748803","-98.2330270856","https://www.inaturalist.org/observations/100494839","Gall","","unisexual","dormant",10557.7167969,"dormant_"
100616913,"2021-11-06","Neuroterus quercusverrucarum","32.9042732997","-97.2655215997","https://www.inaturalist.org/observations/100616913","Gall","","unisexual","dormant",10907.21875,"dormant_"
100704891,"2021-11-07","Neuroterus quercusverrucarum","32.8204466667","-98.027285","https://www.inaturalist.org/observations/100704891","Gall","","unisexual","dormant",10491.5761719,"dormant_"
100714758,"2021-11-07","Neuroterus quercusverrucarum","32.821305","-98.0277616667","https://www.inaturalist.org/observations/100714758","Gall","","unisexual","dormant",10491.5761719,"dormant_"
100721149,"2021-11-09","Neuroterus quercusverrucarum","32.8761482998","-97.2770415992","https://www.inaturalist.org/observations/100721149","Gall","","unisexual","developing",11049.9287109,"developing_"
100721361,"2021-11-09","Neuroterus quercusverrucarum","32.8761353471","-97.2770493105","https://www.inaturalist.org/observations/100721361","Gall","","unisexual","developing",11049.9287109,"developing_"
100731915,"2021-11-09","Neuroterus quercusverrucarum","32.8773787971","-97.2776286677","https://www.inaturalist.org/observations/100731915","Gall","","unisexual","developing",11137.3994141,"developing_"
100750904,"2021-11-09","Neuroterus quercusverrucarum","32.87671","-97.277265","https://www.inaturalist.org/observations/100750904","Gall","","unisexual","developing",11049.9287109,"developing_"
100890568,"2021-11-11","Neuroterus quercusverrucarum","36.1101659904","-79.9925026853","https://www.inaturalist.org/observations/100890568","Gall","","unisexual","developing",9252.6328125,"developing_"
100897074,"2021-11-11","Neuroterus quercusverrucarum","32.9065783333","-97.1241983333","https://www.inaturalist.org/observations/100897074","Gall","","unisexual","developing",11508.8105469,"developing_"
101028204,"2021-11-12","Neuroterus quercusverrucarum","32.7491533333","-97.27134","https://www.inaturalist.org/observations/101028204","Gall","","unisexual","dormant",11524.6328125,"dormant_"
101212108,"2021-11-13","Neuroterus quercusverrucarum","32.6670366667","-97.1810933333","https://www.inaturalist.org/observations/101212108","Gall","","unisexual","developing",11535.28125,"developing_"
101718829,"2021-11-20","Neuroterus quercusverrucarum","32.8434733333","-97.47597","https://www.inaturalist.org/observations/101718829","Gall","","unisexual","dormant",11495.5253906,"dormant_"
101721396,"2021-11-20","Neuroterus quercusverrucarum","32.843485","-97.4755516667","https://www.inaturalist.org/observations/101721396","Gall","","unisexual","dormant",11495.5253906,"dormant_"
101721748,"2021-11-20","Neuroterus quercusverrucarum","32.8434483333","-97.4753216667","https://www.inaturalist.org/observations/101721748","Gall","","unisexual","dormant",11495.5253906,"dormant_"
101780254,"2021-11-23","Neuroterus quercusverrucarum","33.0045242493","-98.2348227485","https://www.inaturalist.org/observations/101780254","Gall","","unisexual","dormant",10942.65625,"dormant_"
101884210,"2021-11-21","Neuroterus quercusverrucarum","32.7546216667","-97.257135","https://www.inaturalist.org/observations/101884210","Gall","","unisexual","dormant",11760.2080078,"dormant_"
101895154,"2021-11-21","Neuroterus quercusverrucarum","32.76877","-97.1902633333","https://www.inaturalist.org/observations/101895154","Gall","","unisexual","dormant",11800.4414062,"dormant_"
101966355,"2021-11-26","Neuroterus quercusverrucarum","32.7589783333","-97.5042283333","https://www.inaturalist.org/observations/101966355","Gall","","unisexual","developing",11420.2480469,"developing_"
102166267,"2021-11-28","Neuroterus quercusverrucarum","36.6583055018","-94.071993673","https://www.inaturalist.org/observations/102166267","Gall","","unisexual","dormant",9373.17285156,"dormant_"
102257196,"2021-11-30","Neuroterus quercusverrucarum","39.38678","-86.4780719722","https://www.inaturalist.org/observations/102257196","Gall","","unisexual","dormant",8247.859375,"dormant_"
102878441,"2021-12-11","Neuroterus quercusverrucarum","31.1985","-97.4653333333","https://www.inaturalist.org/observations/102878441","Gall","","unisexual","dormant",12314.7695312,"dormant_"
102959296,"2021-12-04","Neuroterus quercusverrucarum","32.9942766667","-97.1470866667","https://www.inaturalist.org/observations/102959296","Gall","","unisexual","dormant",11909.1416016,"dormant_"
103065176,"2021-12-14","Neuroterus quercusverrucarum","38.8005993256","-77.4271642605","https://www.inaturalist.org/observations/103065176","Gall","","unisexual","dormant",9287.0390625,"dormant_"
103917782,"2021-12-29","Neuroterus quercusverrucarum","32.8257224182","-98.0353321199","https://www.inaturalist.org/observations/103917782","Gall","","unisexual","dormant",11761.5771484,"dormant_"
104046160,"2021-12-31","Neuroterus quercusverrucarum","29.7732476377","-95.4196175251","https://www.inaturalist.org/observations/104046160","Gall","","unisexual","dormant",14061.5058594,"dormant_"
104146733,"2021-12-29","Neuroterus quercusverrucarum","33.7226019009","-96.7995088422","https://www.inaturalist.org/observations/104146733","Gall","","unisexual","dormant",11641.328125,"dormant_"
104382102,"2022-01-03","Neuroterus quercusverrucarum","29.5812046069","-95.0972665113","https://www.inaturalist.org/observations/104382102","Gall","","unisexual","dormant",82.9889297485,"dormant_"
106897651,"2022-02-16","Neuroterus quercusverrucarum","30.1391916667","-97.28125","https://www.inaturalist.org/observations/106897651","Gall","","unisexual","dormant",767.546508789,"dormant_"
107865433,"2022-03-02","Neuroterus quercusverrucarum","30.0719055","-97.1832283333","https://www.inaturalist.org/observations/107865433","Gall","","unisexual","dormant",1013.88543701,"dormant_"
118404780,"2022-05-23","Neuroterus quercusverrucarum","30.273132213","-97.7147074125","https://www.inaturalist.org/observations/118404780","Gall","","unisexual","oviscar",4169.01367188,"oviscar_"
